volume,volume_size,volume_used_size,fs_type,file_count,total_memory,free_memory,shared_memory,cached_memory,cpu_count,average_cpu_usage_on_previous_one_minute,average_cpu_usage_on_previous_five_minute,average_cpu_usage_on_previous_fifteen_minute,num_extents,num_bytes_read,num_bytes_write,square_sum_head_move,square_sum_read,backup_elapsed_time
/lvm/fsa-100G-ext3,103081248,8871820,2,178,3881340,3119792,66056,492500,2,0.19,0.24,0.22,14,11534336,12699303936,207618048,274726912,59927
/lvm/fsa-100G-ext4,103080888,3934676,3,83,3881340,3113828,66060,492512,2,0.18,0.24,0.22,14,11534336,2018508800,207618048,274726912,39334
/lvm/fsa-10G-ext3,10190136,4899984,2,11,3881340,3110576,66068,492640,2,0.24,0.25,0.23,14,11534336,5499781120,207618048,274726912,39364
/lvm/fsa-10G-ext4,10190100,4735148,3,100,3881340,3110268,66056,492884,2,0.24,0.25,0.23,14,11534336,5246025728,207618048,274726912,34168
/lvm/fsa-1G-ext3,999320,915948,2,6,3881340,3108684,66056,492804,2,0.22,0.25,0.23,33,51380224,1037041664,1482686464,1549795328,496827
/lvm/fsa-1G-ext4,999320,459584,3,9,3881340,3107864,66060,493088,2,0.29,0.26,0.23,14,11534336,540016640,207618048,274726912,33873
/lvm/fsa-20G-ext3,20511356,9612556,2,194,3881340,3107864,66088,492928,2,0.26,0.25,0.23,14,11534336,10788798464,207618048,274726912,55118
/lvm/fsa-20G-ext4,20511312,9535564,3,189,3881340,3107424,66088,493088,2,0.32,0.27,0.23,14,11534336,10386145280,207618048,274726912,34200
/lvm/fsa-2G-ext3,1998672,945188,2,24,3881340,3107908,66100,492968,2,0.32,0.27,0.23,14,11534336,1129316352,207618048,274726912,35135
/lvm/fsa-2G-ext4,1998672,930200,3,20,3881340,3106836,66088,493312,2,0.38,0.28,0.24,14,11534336,1078984704,207618048,274726912,34064
/lvm/fsa-50G-ext3,51475068,4449064,2,97,3881340,3106860,66100,493244,2,0.35,0.27,0.24,14,11534336,6443499520,207618048,274726912,52565
/lvm/fsa-50G-ext4,51474912,9287768,3,200,3881340,3106720,66088,493276,2,0.4,0.29,0.24,14,11534336,10669260800,207618048,274726912,48979
/lvm/fsa-5G-ext3,5029504,2375988,2,53,3881340,3106208,66100,493412,2,0.4,0.29,0.24,14,11534336,2771386368,207618048,274726912,38305
/lvm/fsa-5G-ext4,5029504,2357588,3,49,3881340,3106084,66100,493656,2,0.37,0.28,0.24,14,11534336,2679111680,207618048,274726912,38298
/lvm/fsa-100G-ext3,103081248,8871820,2,178,3881340,3115236,66088,493220,2,0.26,0.26,0.23,6064,12699303936,12699303936,4.06216E+11,4.06283E+11,66207493
/lvm/fsa-100G-ext3,103081248,8871820,2,178,3881340,3228484,66088,389796,2,0.34,0.38,0.29,6064,12699303936,12699303936,4.06216E+11,4.06283E+11,63662537
/lvm/fsa-100G-ext4,103080888,3934676,3,83,3881340,3287980,66092,325608,2,0.79,0.51,0.34,2877,6015680512,6015680512,1.9234E+11,1.92407E+11,31584711
/lvm/fsa-10G-ext3,10190136,4899984,2,11,3881340,3287356,66088,325852,2,0.89,0.56,0.37,2631,5499781120,5499781120,1.75832E+11,1.75899E+11,24826861
/lvm/fsa-10G-ext4,10190100,4735148,3,100,3881340,3287920,66088,325840,2,0.93,0.6,0.39,2510,5246025728,5246025728,1.67711E+11,1.67778E+11,31544306
/lvm/fsa-1G-ext3,999320,915948,2,6,3881340,3289492,66088,325524,2,0.96,0.65,0.41,503,1037041664,1037041664,33023852544,33090961408,4713044
/lvm/fsa-1G-ext4,999320,459584,3,9,3881340,3278936,66100,336168,2,1.04,0.67,0.42,266,540016640,540016640,17119051776,17186160640,2867056
/lvm/fsa-20G-ext3,20511356,9612556,2,194,3881340,3278732,66088,336464,2,1.12,0.69,0.43,5153,10788798464,10788798464,3.4508E+11,3.45147E+11,59636069
/lvm/fsa-20G-ext4,20511312,9535564,3,189,3881340,3277228,66092,336672,2,1.04,0.75,0.46,4961,10386145280,10386145280,3.32195E+11,3.32262E+11,56287764
/lvm/fsa-2G-ext3,1998672,945188,2,24,3881340,3286996,66088,326300,2,1.15,0.84,0.51,547,1129316352,1129316352,35976642560,36043751424,8952521
/lvm/fsa-2G-ext4,1998672,930200,3,20,3881340,3277936,66088,336320,2,1.13,0.85,0.52,523,1078984704,1078984704,34366029824,34433138688,7431372
/lvm/fsa-50G-ext3,51475068,4449064,2,97,3881340,3275348,66088,336496,2,1.04,0.84,0.52,3081,6443499520,6443499520,2.06031E+11,2.06098E+11,38903389
/lvm/fsa-50G-ext4,51474912,9287768,3,200,3881340,3287976,66088,325740,2,0.98,0.84,0.53,5096,10669260800,10669260800,3.41255E+11,3.41322E+11,55373248
/lvm/fsa-5G-ext3,5029504,2375988,2,53,3881340,3287904,66088,325896,2,0.87,0.84,0.55,1330,2771386368,2771386368,88522883072,88589991936,13078029
/lvm/fsa-5G-ext4,5029504,2357588,3,49,3881340,3277324,66088,336416,2,0.82,0.83,0.55,1286,2679111680,2679111680,85570093056,85637201920,15767445
/lvm/fsa-100G-ext3,103081248,8871820,2,178,3881340,127676,9296,3583008,2,12.36,7.46,3.22,6064,12699303936,12699303936,4.06216E+11,4.06283E+11,167643264
/lvm/fsa-100G-ext3,103081248,8871820,2,178,3881340,2964564,9304,757764,2,1.38,4.56,3.25,14,11534336,12699303936,207618048,274726912,64774
/lvm/fsa-100G-ext4,103080888,3934676,3,83,3881340,2957096,9304,760680,2,1.25,4.42,3.22,2877,6015680512,6015680512,1.9234E+11,1.92407E+11,61163189
/lvm/fsa-100G-ext4,103080888,3934676,3,83,3881340,2962924,9304,755656,2,1.08,3.75,3.07,14,11534336,6015680512,207618048,274726912,64343
/lvm/fsa-10G-ext3,10190136,6946888,2,11,3881340,2956308,9316,758792,2,1.07,3.71,3.06,3710,7762608128,7762608128,2.48242E+11,2.48309E+11,76208583
/lvm/fsa-10G-ext3,10190136,6946888,2,11,3881340,2961180,9304,756960,2,1.02,3.07,2.89,14,11534336,7762608128,207618048,274726912,37667
/lvm/fsa-10G-ext4,10190100,5583764,3,100,3881340,2956716,9316,759964,2,1.02,3.04,2.88,2931,6128926720,6128926720,1.95964E+11,1.96031E+11,95303750
/lvm/fsa-10G-ext4,10190100,5583764,3,100,3881340,2961820,9304,756340,2,1.24,2.5,2.7,14,11534336,6128926720,207618048,274726912,43352
/lvm/fsa-1G-ext3,999320,739864,2,5,3881340,2957064,9304,759576,2,1.22,2.48,2.69,443,911212544,911212544,28997320704,29064429568,10374835
/lvm/fsa-1G-ext3,999320,739864,2,5,3881340,2958664,9316,760916,2,1.19,2.43,2.67,14,11534336,911212544,207618048,274726912,36613
/lvm/fsa-1G-ext4,999320,645524,3,9,3881340,2956112,9304,760744,2,1.17,2.41,2.66,359,735051776,735051776,23360176128,23427284992,10056407
/lvm/fsa-1G-ext4,999320,645524,3,9,3881340,2957004,9316,761616,2,1.14,2.34,2.64,14,11534336,735051776,207618048,274726912,56346
/lvm/fsa-20G-ext3,20511356,10275256,2,194,3881340,2955224,9304,761868,2,1.14,2.34,2.64,6140,12858687488,12858687488,4.11317E+11,4.11384E+11,138046418
/lvm/fsa-20G-ext3,20511356,10275256,2,194,3881340,2958116,9304,760116,2,1.02,1.83,2.41,14,11534336,12858687488,207618048,274726912,64755
/lvm/fsa-20G-ext4,20511312,10190252,3,189,3881340,2952864,9316,762420,2,1.02,1.83,2.41,5249,10990125056,10990125056,3.51523E+11,3.5159E+11,117969519
/lvm/fsa-20G-ext4,20511312,10190252,3,189,3881340,2953192,9304,761040,2,0.92,1.51,2.21,14,11534336,10990125056,207618048,274726912,37401
/lvm/fsa-2G-ext3,1998672,1205804,2,24,3881340,2943320,17496,771744,2,0.92,1.5,2.21,730,1513095168,1513095168,48257564672,48324673536,19395316
/lvm/fsa-2G-ext3,1998672,1205804,2,24,3881340,2943752,17496,773120,2,0.88,1.45,2.18,14,11534336,1513095168,207618048,274726912,36116
/lvm/fsa-2G-ext4,1998672,1380868,3,20,3881340,2941816,17508,773288,2,0.81,1.43,2.16,752,1559232512,1559232512,49733959680,49801068544,21540312
/lvm/fsa-2G-ext4,1998672,1380868,3,20,3881340,2939832,17496,774200,2,0.95,1.41,2.14,14,11534336,1559232512,207618048,274726912,37245
/lvm/fsa-50G-ext3,51475068,4795284,2,97,3881340,2937764,17496,774420,2,0.95,1.41,2.14,3633,7601127424,7601127424,2.43075E+11,2.43142E+11,70080069
/lvm/fsa-50G-ext3,51475068,4795284,2,97,3881340,2942232,17500,772640,2,0.89,1.29,2.04,14,11534336,7601127424,207618048,274726912,66550
/lvm/fsa-50G-ext4,51474912,9911592,3,200,3881340,2936788,17508,775540,2,0.82,1.27,2.03,5370,11243880448,11243880448,3.59643E+11,3.5971E+11,101109982
/lvm/fsa-50G-ext4,51474912,9911592,3,200,3881340,2941644,17496,773908,2,1,1.2,1.92,14,11534336,11243880448,207618048,274726912,36128
/lvm/fsa-5G-ext3,5029504,2876776,2,53,3881340,2937196,17508,776632,2,0.92,1.18,1.91,1782,3719299072,3719299072,1.18856E+11,1.18923E+11,31191035
/lvm/fsa-5G-ext3,5029504,2876776,2,53,3881340,2940612,17508,774700,2,0.96,1.16,1.88,14,11534336,3719299072,207618048,274726912,35787
/lvm/fsa-5G-ext4,5029504,2853752,3,49,3881340,2935628,17496,777688,2,0.96,1.16,1.87,1536,3203399680,3203399680,1.02347E+11,1.02414E+11,37415667
/lvm/fsa-5G-ext4,5029504,2853752,3,49,3881340,2941300,17500,773624,2,0.98,1.14,1.84,14,11534336,3203399680,207618048,274726912,41812
/lvm/fsa-100G-ext3,103081248,8871820,2,178,3881340,892912,17464,2823228,2,14.25,6.73,2.76,6064,12699303936,12699303936,4.06216E+11,4.06283E+11,95359803
/lvm/fsa-100G-ext3,103081248,8871820,2,178,3881340,2602388,17476,1106604,2,2.68,6.35,3.64,14,11534336,12699303936,207618048,274726912,47282
/lvm/fsa-100G-ext4,103080888,3934676,3,83,3881340,2604032,17476,1107000,2,2.46,6.24,3.62,2877,6015680512,6015680512,1.9234E+11,1.92407E+11,43419725
/lvm/fsa-100G-ext4,103080888,3934676,3,83,3881340,2606172,17476,1106064,2,1.69,5.51,3.5,14,11534336,6015680512,207618048,274726912,44910
/lvm/fsa-10G-ext3,10190136,7292716,2,11,3881340,2603952,17476,1106172,2,1.71,5.45,3.49,3893,8146386944,8146386944,2.60523E+11,2.6059E+11,69893003
/lvm/fsa-10G-ext3,10190136,7292716,2,11,3881340,2608300,17476,1105988,2,1.2,4.46,3.29,14,11534336,8146386944,207618048,274726912,38767
/lvm/fsa-10G-ext4,10190100,5855280,3,100,3881340,2605628,17464,1106124,2,1.2,4.46,3.29,3067,6414139392,6414139392,2.05091E+11,2.05158E+11,66241479
/lvm/fsa-10G-ext4,10190100,5855280,3,100,3881340,2607200,17464,1105984,2,0.96,3.7,3.11,14,11534336,6414139392,207618048,274726912,37447
/lvm/fsa-1G-ext3,999320,813708,2,5,3881340,2605440,17464,1106160,2,0.88,3.64,3.1,480,988807168,988807168,31480348672,31547457536,7298177
/lvm/fsa-1G-ext3,999320,813708,2,5,3881340,2608020,17464,1106072,2,0.9,3.55,3.07,14,11534336,988807168,207618048,274726912,36414
/lvm/fsa-1G-ext4,999320,709812,3,9,3881340,2605700,17476,1106388,2,0.83,3.49,3.06,390,800063488,800063488,25440550912,25507659776,8766752
/lvm/fsa-1G-ext4,999320,709812,3,9,3881340,2607972,17476,1106512,2,0.86,3.41,3.03,14,11534336,800063488,207618048,274726912,37545
/lvm/fsa-20G-ext3,20511356,10470324,2,194,3881340,2605624,17476,1106508,2,0.79,3.35,3.02,6407,13418627072,13418627072,4.29235E+11,4.29302E+11,116663722
/lvm/fsa-20G-ext3,20511356,10470324,2,194,3881340,2605720,17464,1106208,2,1,2.59,2.78,14,11534336,13418627072,207618048,274726912,54849
/lvm/fsa-20G-ext4,20511312,10383664,3,189,3881340,2604716,17464,1106108,2,0.92,2.54,2.76,5338,11176771584,11176771584,3.57495E+11,3.57562E+11,106194714
/lvm/fsa-20G-ext4,20511312,10383664,3,189,3881340,2606048,17432,1106680,2,1.01,2.08,2.57,14,11534336,11176771584,207618048,274726912,75535
/lvm/fsa-2G-ext3,1998672,1254108,2,24,3881340,2606508,17432,1106844,2,1.01,2.08,2.57,763,1582301184,1582301184,50472157184,50539266048,16388391
/lvm/fsa-2G-ext3,1998672,1254108,2,24,3881340,2609084,17432,1106856,2,0.94,1.99,2.53,14,11534336,1582301184,207618048,274726912,37480
/lvm/fsa-2G-ext4,1998672,1518312,3,20,3881340,2606432,17444,1106876,2,0.95,1.98,2.52,822,1706033152,1706033152,54431580160,54498689024,20167463
/lvm/fsa-2G-ext4,1998672,1518312,3,20,3881340,2600848,17436,1114724,2,0.96,1.91,2.49,14,11534336,1706033152,207618048,274726912,37724
/lvm/fsa-50G-ext3,51475068,4885688,2,97,3881340,2598028,17444,1114800,2,0.89,1.88,2.48,3772,7892631552,7892631552,2.52403E+11,2.5247E+11,70622100
/lvm/fsa-50G-ext3,51475068,4885688,2,97,3881340,2608092,17444,1106532,2,0.99,1.7,2.37,14,11534336,7892631552,207618048,274726912,47701
/lvm/fsa-50G-ext4,51474912,10098324,3,200,3881340,2606436,17444,1106508,2,0.99,1.69,2.36,5457,11426332672,11426332672,3.65481E+11,3.65548E+11,96286024
/lvm/fsa-50G-ext4,51474912,10098324,3,200,3881340,2606904,17432,1106912,2,1.01,1.51,2.23,14,11534336,11426332672,207618048,274726912,41751
/lvm/fsa-5G-ext3,5029504,3017704,2,53,3881340,2604820,17444,1107344,2,1.09,1.52,2.23,1897,3960471552,3960471552,1.26574E+11,1.26641E+11,35292557
/lvm/fsa-5G-ext3,5029504,3017704,2,53,3881340,2599684,17432,1114408,2,1.06,1.46,2.18,14,11534336,3960471552,207618048,274726912,37070
/lvm/fsa-5G-ext4,5029504,2993364,3,49,3881340,2597592,17444,1114724,2,1.06,1.46,2.18,1604,3346006016,3346006016,1.06911E+11,1.06978E+11,33833607
/lvm/fsa-5G-ext4,5029504,2993364,3,49,3881340,2607132,17444,1106220,2,0.98,1.39,2.12,14,11534336,3346006016,207618048,274726912,35992
/lvm/fsa-100G-ext3,103081248,8871820,2,178,3881340,531332,17432,3187720,2,7.87,6.66,4.24,6064,12699303936,12699303936,4.06216E+11,4.06283E+11,91888708
/lvm/fsa-100G-ext3,103081248,8871820,2,178,3881340,2234372,17432,1478420,2,1.88,4.86,3.98,14,11534336,12699303936,207618048,274726912,53914
/lvm/fsa-100G-ext4,103080888,3934676,3,83,3881340,2234996,17444,1478504,2,1.81,4.79,3.97,2877,6015680512,6015680512,1.9234E+11,1.92407E+11,45053810
/lvm/fsa-100G-ext4,103080888,3934676,3,83,3881340,2234972,17444,1478320,2,1.29,4.19,3.81,14,11534336,6015680512,207618048,274726912,36842
/lvm/fsa-10G-ext3,10190136,7655564,2,11,3881340,2233532,17444,1478300,2,1.29,4.19,3.81,4078,8534360064,8534360064,2.72938E+11,2.73005E+11,72549306
/lvm/fsa-10G-ext3,10190136,7655564,2,11,3881340,2234380,17444,1478504,2,1.02,3.41,3.56,14,11534336,8534360064,207618048,274726912,37282
/lvm/fsa-10G-ext4,10190100,6135488,3,100,3881340,2230552,17444,1478384,2,1.02,3.41,3.56,3202,6697254912,6697254912,2.14151E+11,2.14218E+11,70955598
/lvm/fsa-10G-ext4,10190100,6135488,3,100,3881340,2233812,17436,1478336,2,0.94,2.85,3.36,14,11534336,6697254912,207618048,274726912,37418
/lvm/fsa-1G-ext3,999320,894940,2,5,3881340,2232472,17432,1478568,2,0.86,2.8,3.34,508,1047527424,1047527424,33359396864,33426505728,7488489
/lvm/fsa-1G-ext3,999320,894940,2,5,3881340,2234836,17432,1478656,2,0.88,2.74,3.31,14,11534336,1047527424,207618048,274726912,29986
/lvm/fsa-1G-ext4,999320,780528,3,9,3881340,2232896,17444,1478864,2,0.97,2.73,3.31,425,873463808,873463808,27789361152,27856470016,9907604
/lvm/fsa-1G-ext4,999320,780528,3,9,3881340,2234984,17432,1478748,2,0.98,2.67,3.28,14,11534336,873463808,207618048,274726912,37409
/lvm/fsa-20G-ext3,20511356,10668840,2,194,3881340,2230604,17444,1478692,2,0.9,2.63,3.26,6688,14007926784,14007926784,4.48092E+11,4.48159E+11,116077965
/lvm/fsa-20G-ext3,20511356,10668840,2,194,3881340,2231768,17444,1478264,2,0.8,2.04,2.97,14,11534336,14007926784,207618048,274726912,48809
/lvm/fsa-20G-ext4,20511312,10580276,3,189,3881340,2229736,17444,1478340,2,0.81,2.03,2.96,5428,11365515264,11365515264,3.63535E+11,3.63602E+11,104420000
/lvm/fsa-20G-ext4,20511312,10580276,3,189,3881340,2230852,17432,1478580,2,0.97,1.72,2.75,14,11534336,11365515264,207618048,274726912,36556
/lvm/fsa-2G-ext3,1998672,1301088,2,24,3881340,2230808,17444,1478748,2,0.97,1.71,2.74,795,1649410048,1649410048,52619640832,52686749696,19162176
/lvm/fsa-2G-ext3,1998672,1301088,2,24,3881340,2232444,17444,1478640,2,0.98,1.66,2.71,14,11534336,1649410048,207618048,274726912,38430
/lvm/fsa-2G-ext4,1998672,1669516,3,20,3881340,2230564,17432,1478696,2,0.98,1.65,2.7,894,1857028096,1857028096,59263418368,59330527232,21255584
/lvm/fsa-2G-ext4,1998672,1669516,3,20,3881340,2232544,17432,1478828,2,0.99,1.6,2.65,14,11534336,1857028096,207618048,274726912,71910
/lvm/fsa-50G-ext3,51475068,4977692,2,97,3881340,2228596,17444,1478860,2,1.07,1.61,2.65,3917,8196718592,8196718592,2.62134E+11,2.62201E+11,72473100
/lvm/fsa-50G-ext3,51475068,4977692,2,97,3881340,2232980,17444,1478508,2,1.02,1.47,2.52,14,11534336,8196718592,207618048,274726912,53670
/lvm/fsa-50G-ext4,51474912,10287936,3,200,3881340,2230552,17432,1478684,2,0.94,1.45,2.51,5545,11610882048,11610882048,3.71387E+11,3.71454E+11,101401044
/lvm/fsa-50G-ext4,51474912,10287936,3,200,3881340,2230336,17444,1479184,2,1.01,1.33,2.35,14,11534336,11610882048,207618048,274726912,36112
/lvm/fsa-5G-ext3,5029504,3165660,2,53,3881340,2229564,17444,1479048,2,1.01,1.33,2.35,2003,4182769664,4182769664,1.33687E+11,1.33754E+11,35927127
/lvm/fsa-5G-ext3,5029504,3165660,2,53,3881340,2231668,17444,1478668,2,1,1.29,2.29,14,11534336,4182769664,207618048,274726912,37211
/lvm/fsa-5G-ext4,5029504,3139868,3,49,3881340,2229944,17432,1478624,2,1.08,1.3,2.29,1677,3499098112,3499098112,1.1181E+11,1.11877E+11,34657180
/lvm/fsa-5G-ext4,5029504,3139868,3,49,3881340,2231168,17444,1478808,2,1.05,1.26,2.24,14,11534336,3499098112,207618048,274726912,37493
/lvm/fsa-100G-ext3,103081248,8871820,2,178,3881340,123712,17432,3592656,2,15.56,8.49,4.89,6064,12699303936,12699303936,4.06216E+11,4.06283E+11,91827476
/lvm/fsa-100G-ext3,103081248,8871820,2,178,3881340,1902568,17432,1806848,2,2.91,6.76,4.95,14,11534336,12699303936,207618048,274726912,60052
/lvm/fsa-100G-ext4,103080888,3934676,3,83,3881340,1903228,17444,1806736,2,2.76,6.66,4.93,2877,6015680512,6015680512,1.9234E+11,1.92407E+11,44984367
/lvm/fsa-100G-ext4,103080888,3934676,3,83,3881340,1902980,17444,1806856,2,1.77,5.79,4.73,14,11534336,6015680512,207618048,274726912,37836
/lvm/fsa-10G-ext3,10190136,8036744,2,11,3881340,1900372,17444,1806940,2,1.7,5.71,4.71,4274,8945401856,8945401856,2.86091E+11,2.86158E+11,72733115
/lvm/fsa-10G-ext3,10190136,8036744,2,11,3881340,1890944,17536,1810636,2,1.2,4.66,4.42,14,11534336,8945401856,207618048,274726912,37861
/lvm/fsa-10G-ext4,10190100,6434992,3,100,3881340,1888844,17532,1810616,2,1.19,4.6,4.4,3350,7007633408,7007633408,2.24083E+11,2.2415E+11,78522531
/lvm/fsa-10G-ext4,10190100,6434992,3,100,3881340,1893372,17528,1808040,2,1.05,3.76,4.12,14,11534336,7007633408,207618048,274726912,36294
/lvm/fsa-1G-ext3,999320,984292,2,5,3881340,1892180,17540,1808088,2,0.96,3.69,4.1,525,1083179008,1083179008,34500247552,34567356416,8626967
/lvm/fsa-1G-ext3,999320,984292,2,5,3881340,1894616,17540,1808204,2,0.9,3.59,4.06,14,11534336,1083179008,207618048,274726912,36218
/lvm/fsa-1G-ext4,999320,858308,3,9,3881340,1892132,17540,1808276,2,0.9,3.55,4.04,464,955252736,955252736,30406606848,30473715712,11489585
/lvm/fsa-1G-ext4,999320,858308,3,9,3881340,1894024,17540,1808560,2,0.92,3.46,4.01,14,11534336,955252736,207618048,274726912,44520
/lvm/fsa-20G-ext3,20511356,10871808,2,194,3881340,1891388,17528,1808544,2,0.85,3.4,3.99,6951,14559477760,14559477760,4.65742E+11,4.65809E+11,119885874
/lvm/fsa-20G-ext3,20511356,10871808,2,194,3881340,1898884,17540,1802268,2,0.96,2.57,3.61,14,11534336,14559477760,207618048,274726912,48158
/lvm/fsa-20G-ext4,20511312,10781888,3,189,3881340,1896744,17528,1802552,2,0.88,2.53,3.59,5525,11568939008,11568939008,3.70045E+11,3.70112E+11,107742497
/lvm/fsa-20G-ext4,20511312,10781888,3,189,3881340,1898540,17540,1802168,2,1.01,2.05,3.29,14,11534336,11568939008,207618048,274726912,37532
/lvm/fsa-2G-ext3,1998672,1362832,2,24,3881340,1896448,17540,1802200,2,0.93,2.01,3.28,828,1718616064,1718616064,54834233344,54901342208,21408109
/lvm/fsa-2G-ext3,1998672,1362832,2,24,3881340,1898236,17528,1802176,2,0.95,1.93,3.22,14,11534336,1718616064,207618048,274726912,36697
/lvm/fsa-2G-ext4,1998672,1835828,3,20,3881340,1896136,17528,1802352,2,0.95,1.93,3.22,973,2022703104,2022703104,64565018624,64632127488,25399203
/lvm/fsa-2G-ext4,1998672,1835828,3,20,3881340,1897808,17528,1802156,2,0.92,1.83,3.14,14,11534336,2022703104,207618048,274726912,37329
/lvm/fsa-50G-ext3,51475068,5071468,2,97,3881340,1896512,17540,1802256,2,0.84,1.8,3.12,4052,8479834112,8479834112,2.71193E+11,2.7126E+11,83350652
/lvm/fsa-50G-ext3,51475068,5071468,2,97,3881340,1897056,17528,1802368,2,0.96,1.6,2.94,14,11534336,8479834112,207618048,274726912,49165
/lvm/fsa-50G-ext4,51474912,10482136,3,200,3881340,1895428,17528,1802260,2,0.96,1.59,2.93,5637,11803820032,11803820032,3.77561E+11,3.77628E+11,100754362
/lvm/fsa-50G-ext4,51474912,10482136,3,200,3881340,1894216,17528,1802440,2,1.13,1.48,2.75,14,11534336,11803820032,207618048,274726912,55451
/lvm/fsa-5G-ext3,5029504,3320700,2,53,3881340,1893524,17540,1802572,2,1.04,1.46,2.73,2111,4409262080,4409262080,1.40935E+11,1.41002E+11,39825063
/lvm/fsa-5G-ext3,5029504,3320700,2,53,3881340,1896724,17540,1802412,2,1.02,1.4,2.66,14,11534336,4409262080,207618048,274726912,37677
/lvm/fsa-5G-ext4,5029504,3293268,3,49,3881340,1895520,17528,1802344,2,0.94,1.38,2.64,1753,3658481664,3658481664,1.1691E+11,1.16977E+11,35733645
/lvm/fsa-5G-ext4,5029504,3293268,3,49,3881340,1896824,17528,1802384,2,1.01,1.34,2.58,14,11534336,3658481664,207618048,274726912,51893
/lvm/fsa-100G-ext3,103081248,8871820,2,178,3881340,118312,17496,3588384,2,14.49,8.37,5.09,6064,12699303936,12699303936,4.06216E+11,4.06283E+11,88306798
/lvm/fsa-100G-ext3,103081248,8871820,2,178,3881340,1902992,17508,1801620,2,2.56,6.41,5.03,14,11534336,12699303936,207618048,274726912,42626
/lvm/fsa-100G-ext4,103080888,3934676,3,83,3881340,1903524,17508,1801260,2,2.43,6.32,5.01,2877,6015680512,6015680512,1.9234E+11,1.92407E+11,50730147
/lvm/fsa-100G-ext4,103080888,3934676,3,83,3881340,1902564,17508,1800948,2,1.51,5.41,4.78,14,11534336,6015680512,207618048,274726912,37065
/lvm/fsa-10G-ext3,10190136,8436836,2,11,3881340,1898800,17508,1800984,2,1.39,5.32,4.75,4484,9385803776,9385803776,3.00184E+11,3.00251E+11,90669999
/lvm/fsa-10G-ext3,10190136,8436836,2,11,3881340,1667692,17512,1925568,2,1.34,4.22,4.41,14,11534336,9385803776,207618048,274726912,55146
/lvm/fsa-10G-ext4,10190100,6744792,3,100,3881340,1672700,17512,1941644,2,1.47,4.2,4.4,3513,7349469184,7349469184,2.35022E+11,2.35089E+11,116970396
/lvm/fsa-10G-ext4,10190100,6744792,3,100,3881340,1978912,17516,1718116,2,1.24,3.25,4.03,14,11534336,7349469184,207618048,274726912,48136
/lvm/fsa-1G-ext3,999320,999320,2,5,3881340,1976856,17516,1718536,2,1.14,3.2,4.01,525,1083179008,1083179008,34500247552,34567356416,7985995
/lvm/fsa-1G-ext3,999320,999320,2,5,3881340,1979652,17504,1718596,2,1.05,3.11,3.98,14,11534336,1083179008,207618048,274726912,36509
/lvm/fsa-1G-ext4,999320,943888,3,9,3881340,1977444,17516,1718708,2,0.96,3.06,3.95,508,1047527424,1047527424,33359396864,33426505728,11604441
/lvm/fsa-1G-ext4,999320,943888,3,9,3881340,1971180,17504,1726404,2,0.97,2.95,3.91,14,11534336,1047527424,207618048,274726912,44975
/lvm/fsa-20G-ext3,20511356,11078516,2,194,3881340,1968908,17516,1726268,2,0.97,2.95,3.91,7202,15085862912,15085862912,4.82586E+11,4.82653E+11,137035366
/lvm/fsa-20G-ext3,20511356,11078516,2,194,3881340,1989344,17488,1712476,2,0.95,2.21,3.5,14,11534336,15085862912,207618048,274726912,49579
/lvm/fsa-20G-ext4,20511312,10986992,3,189,3881340,1986896,17476,1712752,2,0.87,2.17,3.48,5622,11772362752,11772362752,3.76554E+11,3.76621E+11,118402302
/lvm/fsa-20G-ext4,20511312,10986992,3,189,3881340,1989648,17488,1712348,2,0.99,1.78,3.17,14,11534336,11772362752,207618048,274726912,36927
/lvm/fsa-2G-ext3,1998672,1402324,2,24,3881340,1987220,17488,1712876,2,0.99,1.78,3.17,853,1771044864,1771044864,56511954944,56579063808,22345906
/lvm/fsa-2G-ext3,1998672,1402324,2,24,3881340,1988816,17488,1712748,2,0.94,1.7,3.11,14,11534336,1771044864,207618048,274726912,37560
/lvm/fsa-2G-ext4,1998672,1982288,3,20,3881340,1986860,17488,1712860,2,0.86,1.68,3.09,1037,2156920832,2156920832,68859985920,68927094784,26747369
/lvm/fsa-2G-ext4,1998672,1982288,3,20,3881340,1989444,17480,1711428,2,0.92,1.61,3.02,14,11534336,2156920832,207618048,274726912,37658
/lvm/fsa-50G-ext3,51475068,5166852,2,97,3881340,1985204,17476,1711744,2,0.92,1.6,3.01,4194,8777629696,8777629696,2.80723E+11,2.8079E+11,88733797
/lvm/fsa-50G-ext3,51475068,5166852,2,97,3881340,1984016,17448,1719172,2,1.06,1.45,2.82,14,11534336,8777629696,207618048,274726912,54488
/lvm/fsa-50G-ext4,51474912,10680240,3,200,3881340,1981908,17460,1719268,2,1.06,1.45,2.81,5732,12003049472,12003049472,3.83936E+11,3.84003E+11,130598094
/lvm/fsa-50G-ext4,51474912,10680240,3,200,3881340,1983704,17460,1719208,2,0.95,1.27,2.57,14,11534336,12003049472,207618048,274726912,36847
/lvm/fsa-5G-ext3,5029504,3483960,2,53,3881340,1981980,17460,1719276,2,0.87,1.25,2.56,2205,4606394368,4606394368,1.47243E+11,1.4731E+11,45906613
/lvm/fsa-5G-ext3,5029504,3483960,2,53,3881340,1988796,17432,1719168,2,1.01,1.23,2.48,14,11534336,4606394368,207618048,274726912,38322
/lvm/fsa-5G-ext4,5029504,3454268,3,49,3881340,1984812,17432,1719320,2,0.93,1.21,2.47,1833,3826253824,3826253824,1.22279E+11,1.22346E+11,45892447
/lvm/fsa-5G-ext4,5029504,3454268,3,49,3881340,1985680,17420,1718996,2,0.97,1.18,2.39,14,11534336,3826253824,207618048,274726912,40615
/lvm/fsa-100G-ext3,103081248,8871820,2,178,3881340,127948,17420,3583080,2,3.11,3.24,3.02,6064,12699303936,12699303936,4.06216E+11,4.06283E+11,80690296
/lvm/fsa-100G-ext3,103081248,8871820,2,178,3881340,1904680,17420,1801024,2,1.53,2.76,2.9,14,11534336,12699303936,207618048,274726912,51330
/lvm/fsa-100G-ext4,103080888,3934676,3,83,3881340,1903884,17432,1800812,2,1.41,2.72,2.88,2877,6015680512,6015680512,1.9234E+11,1.92407E+11,40818468
/lvm/fsa-100G-ext4,103080888,3934676,3,83,3881340,1902728,17432,1800976,2,1.13,2.46,2.79,14,11534336,6015680512,207618048,274726912,31022
/lvm/fsa-10G-ext3,10190136,8856848,2,11,3881340,1901436,17424,1800880,2,1.13,2.46,2.79,4688,9813622784,9813622784,3.13874E+11,3.13942E+11,71803780
/lvm/fsa-10G-ext3,10190136,8856848,2,11,3881340,1903588,17420,1800848,2,0.76,2.05,2.62,14,11534336,9813622784,207618048,274726912,36539
/lvm/fsa-10G-ext4,10190100,7073392,3,100,3881340,1898824,17420,1801012,2,0.7,2.02,2.6,3671,7680819200,7680819200,2.45625E+11,2.45692E+11,81011030
/lvm/fsa-10G-ext4,10190100,7073392,3,100,3881340,1906336,17420,1798112,2,0.78,1.72,2.45,14,11534336,7680819200,207618048,274726912,47021
/lvm/fsa-1G-ext3,999320,999320,2,5,3881340,1903412,17420,1798124,2,0.72,1.69,2.43,525,1083179008,1083179008,34500247552,34567356416,7293230
/lvm/fsa-1G-ext3,999320,999320,2,5,3881340,1906420,17432,1798204,2,0.92,1.7,2.43,14,11534336,1083179008,207618048,274726912,37539
/lvm/fsa-1G-ext4,999320,982936,3,9,3881340,1904184,17420,1798292,2,0.92,1.7,2.43,524,1081081856,1081081856,34433138688,34500247552,13073770
/lvm/fsa-1G-ext4,999320,982936,3,9,3881340,1905752,17420,1798592,2,0.72,1.62,2.39,14,11534336,1081081856,207618048,274726912,37524
/lvm/fsa-20G-ext3,20511356,11289208,2,194,3881340,1903296,17432,1798548,2,0.66,1.59,2.38,7445,15595470848,15595470848,4.98894E+11,4.98961E+11,120021320
/lvm/fsa-20G-ext3,20511356,11289208,2,194,3881340,1905488,17432,1797716,2,0.92,1.36,2.2,14,11534336,15595470848,207618048,274726912,79206
/lvm/fsa-20G-ext4,20511312,11195892,3,189,3881340,1903380,17420,1797940,2,0.85,1.34,2.18,5724,11986272256,11986272256,3.83399E+11,3.83466E+11,101397983
/lvm/fsa-20G-ext4,20511312,11195892,3,189,3881340,1905416,17420,1797780,2,0.93,1.21,2.05,14,11534336,11986272256,207618048,274726912,40886
/lvm/fsa-2G-ext3,1998672,1473660,2,24,3881340,1903300,17432,1797840,2,0.93,1.21,2.04,890,1848639488,1848639488,58994982912,59062091776,19557141
/lvm/fsa-2G-ext3,1998672,1473660,2,24,3881340,1905304,17420,1797812,2,0.95,1.2,2.02,14,11534336,1848639488,207618048,274726912,34239
/lvm/fsa-2G-ext4,1998672,1982288,3,20,3881340,1903088,17432,1797756,2,0.88,1.18,2.01,1037,2156920832,2156920832,68859985920,68927094784,20695398
/lvm/fsa-2G-ext4,1998672,1982288,3,20,3881340,1904944,17420,1797932,2,0.84,1.15,1.98,14,11534336,2156920832,207618048,274726912,37496
/lvm/fsa-50G-ext3,51475068,5264660,2,97,3881340,1902504,17432,1797908,2,0.78,1.13,1.97,4336,9075425280,9075425280,2.90252E+11,2.90319E+11,76702437
/lvm/fsa-50G-ext3,51475068,5264660,2,97,3881340,1904724,17432,1797844,2,0.94,1.1,1.89,14,11534336,9075425280,207618048,274726912,70829
/lvm/fsa-50G-ext4,51474912,10881344,3,200,3881340,1902332,17424,1797980,2,0.87,1.08,1.88,5829,12206473216,12206473216,3.90446E+11,3.90513E+11,114172985
/lvm/fsa-50G-ext4,51474912,10881344,3,200,3881340,1902676,17432,1798024,2,0.97,1.04,1.77,14,11534336,12206473216,207618048,274726912,36621
/lvm/fsa-5G-ext3,5029504,3655128,2,53,3881340,1902140,17432,1797960,2,0.97,1.04,1.77,2291,4786749440,4786749440,1.53015E+11,1.53082E+11,43209288
/lvm/fsa-5G-ext3,5029504,3655128,2,53,3881340,1903808,17432,1798096,2,0.99,1.04,1.73,14,11534336,4786749440,207618048,274726912,37132
/lvm/fsa-5G-ext4,5029504,3623468,3,49,3881340,1901756,17432,1798112,2,0.99,1.04,1.73,1918,4004511744,4004511744,1.27983E+11,1.2805E+11,35357725
/lvm/fsa-5G-ext4,5029504,3623468,3,49,3881340,1902880,17432,1798272,2,0.99,1.03,1.7,14,11534336,4004511744,207618048,274726912,36649
/lvm/fsa-100G-ext3,103081248,8871820,2,178,3881340,120004,17420,3587924,2,11.6,6.45,3.74,6064,12699303936,12699303936,4.06216E+11,4.06283E+11,104462999
/lvm/fsa-100G-ext3,103081248,8871820,2,178,3881340,1921872,17432,1778868,2,2.04,5.54,4.16,14,11534336,12699303936,207618048,274726912,77807
/lvm/fsa-100G-ext4,103080888,3934676,3,83,3881340,1922352,17420,1778592,2,1.95,5.47,4.15,2877,6015680512,6015680512,1.9234E+11,1.92407E+11,38875419
/lvm/fsa-100G-ext4,103080888,3934676,3,83,3881340,1921664,17432,1778720,2,1.41,4.84,4,14,11534336,6015680512,207618048,274726912,37312
/lvm/fsa-10G-ext3,10190136,9297872,2,11,3881340,1920464,17432,1778700,2,1.41,4.84,4,4883,10222567424,10222567424,3.26961E+11,3.27028E+11,82946115
/lvm/fsa-10G-ext3,10190136,9297872,2,11,3881340,1920376,17432,1778712,2,0.95,3.79,3.7,14,11534336,10222567424,207618048,274726912,36829
/lvm/fsa-10G-ext4,10190100,7419692,3,100,3881340,1918264,17432,1778788,2,0.95,3.79,3.7,3847,8049917952,8049917952,2.57436E+11,2.57503E+11,93020320
/lvm/fsa-10G-ext4,10190100,7419692,3,100,3881340,1921932,17432,1778556,2,0.99,2.99,3.42,14,11534336,8049917952,207618048,274726912,71292
/lvm/fsa-1G-ext3,999320,999320,2,5,3881340,1919420,17432,1778704,2,0.99,2.99,3.42,525,1083179008,1083179008,34500247552,34567356416,8423856
/lvm/fsa-1G-ext3,999320,999320,2,5,3881340,1923060,17432,1778788,2,0.99,2.93,3.4,14,11534336,1083179008,207618048,274726912,37816
/lvm/fsa-1G-ext4,999320,982936,3,9,3881340,1917708,17420,1779040,2,0.91,2.88,3.38,524,1081081856,1081081856,34433138688,34500247552,12074492
/lvm/fsa-1G-ext4,999320,982936,3,9,3881340,1919648,17432,1778864,2,0.92,2.79,3.34,14,11534336,1081081856,207618048,274726912,36058
/lvm/fsa-20G-ext3,20511356,11504932,2,194,3881340,1917220,17432,1779072,2,0.93,2.76,3.33,7690,16109273088,16109273088,5.15335E+11,5.15402E+11,126347151
/lvm/fsa-20G-ext3,20511356,11504932,2,194,3881340,1922804,17432,1777000,2,1.01,2.15,3.03,14,11534336,16109273088,207618048,274726912,52748
/lvm/fsa-20G-ext4,20511312,11409896,3,189,3881340,1920364,17420,1776992,2,0.93,2.11,3.01,5829,12206473216,12206473216,3.90446E+11,3.90513E+11,109692631
/lvm/fsa-20G-ext4,20511312,11409896,3,189,3881340,1922500,17432,1777036,2,1.04,1.79,2.79,14,11534336,12206473216,207618048,274726912,37376
/lvm/fsa-2G-ext3,1998672,1524984,2,24,3881340,1920168,17432,1777044,2,0.96,1.76,2.78,913,1896873984,1896873984,60538486784,60605595648,20810194
/lvm/fsa-2G-ext3,1998672,1524984,2,24,3881340,1921732,17420,1777128,2,0.97,1.7,2.73,14,11534336,1896873984,207618048,274726912,37586
/lvm/fsa-2G-ext4,1998672,1982288,3,20,3881340,1917884,17420,1776968,2,0.97,1.68,2.72,1037,2156920832,2156920832,68859985920,68927094784,20561475
/lvm/fsa-2G-ext4,1998672,1982288,3,20,3881340,1919572,17432,1776988,2,0.98,1.64,2.69,14,11534336,2156920832,207618048,274726912,38037
/lvm/fsa-50G-ext3,51475068,5364148,2,97,3881340,1917756,17420,1777072,2,0.98,1.63,2.68,4481,9379512320,9379512320,2.99983E+11,3.0005E+11,72591574
/lvm/fsa-50G-ext3,51475068,5364148,2,97,3881340,1919556,17432,1777300,2,1,1.49,2.55,14,11534336,9379512320,207618048,274726912,71202
/lvm/fsa-50G-ext4,51474912,11087348,3,200,3881340,1919428,17432,1777168,2,0.92,1.46,2.53,5929,12416188416,12416188416,3.97157E+11,3.97224E+11,111248153
/lvm/fsa-50G-ext4,51474912,11087348,3,200,3881340,1921580,17420,1777292,2,0.96,1.29,2.35,14,11534336,12416188416,207618048,274726912,41307
/lvm/fsa-5G-ext3,5029504,3834700,2,53,3881340,1919440,17432,1777408,2,1.12,1.32,2.35,2372,4956618752,4956618752,1.5845E+11,1.58517E+11,44095041
/lvm/fsa-5G-ext3,5029504,3834700,2,53,3881340,1920736,17432,1777096,2,1.06,1.28,2.29,14,11534336,4956618752,207618048,274726912,46927
/lvm/fsa-5G-ext4,5029504,3801168,3,49,3881340,1919000,17420,1777420,2,0.97,1.25,2.27,2009,4195352576,4195352576,1.3409E+11,1.34157E+11,121094825
/lvm/fsa-5G-ext4,5029504,3801168,3,49,3881340,1901424,17420,1784764,2,1.03,1.18,2.11,14,11534336,4195352576,207618048,274726912,60028
/lvm/fsa-100G-ext3,103081248,8871820,2,178,3881340,136984,17420,3562924,2,9.07,5.89,3.84,6064,12699303936,12699303936,4.06216E+11,4.06283E+11,80017246
/lvm/fsa-100G-ext3,103081248,8871820,2,178,3881340,1932496,17420,1765276,2,2.71,5.14,3.94,14,11534336,12699303936,207618048,274726912,57307
/lvm/fsa-100G-ext4,103080888,3934676,3,83,3881340,1929584,17432,1767912,2,2.57,5.07,3.93,2877,6015680512,6015680512,1.9234E+11,1.92407E+11,40824230
/lvm/fsa-100G-ext4,103080888,3934676,3,83,3881340,1934408,17432,1764076,2,1.67,4.48,3.78,14,11534336,6015680512,207618048,274726912,40203
/lvm/fsa-10G-ext3,10190136,9761120,2,11,3881340,1929308,17432,1767388,2,1.53,4.41,3.76,5057,10587471872,10587471872,3.38638E+11,3.38705E+11,85825862
/lvm/fsa-10G-ext3,10190136,9761120,2,11,3881340,1933432,17420,1765132,2,1.12,3.52,3.51,14,11534336,10587471872,207618048,274726912,41820
/lvm/fsa-10G-ext4,10190100,7781592,3,100,3881340,1928204,17432,1768388,2,1.12,3.52,3.51,4027,8427405312,8427405312,2.69515E+11,2.69583E+11,85491547
/lvm/fsa-10G-ext4,10190100,7781592,3,100,3881340,1931600,17432,1766160,2,1.01,2.85,3.27,14,11534336,8427405312,207618048,274726912,42499
/lvm/fsa-1G-ext3,999320,999320,2,5,3881340,1927196,17432,1769452,2,1.01,2.82,3.26,525,1083179008,1083179008,34500247552,34567356416,6691013
/lvm/fsa-1G-ext3,999320,999320,2,5,3881340,1928616,17432,1770532,2,1.01,2.76,3.23,14,11534336,1083179008,207618048,274726912,34381
/lvm/fsa-1G-ext4,999320,982936,3,9,3881340,1927216,17420,1770612,2,1.01,2.73,3.22,524,1081081856,1081081856,34433138688,34500247552,11583239
/lvm/fsa-1G-ext4,999320,982936,3,9,3881340,1926040,17420,1771832,2,1,2.68,3.2,14,11534336,1081081856,207618048,274726912,39175
/lvm/fsa-20G-ext3,20511356,11724744,2,194,3881340,1923856,17432,1771952,2,0.92,2.63,3.18,7927,16606298112,16606298112,5.3124E+11,5.31307E+11,128021211
/lvm/fsa-20G-ext3,20511356,11724744,2,194,3881340,1926424,17424,1767088,2,1.03,2.06,2.9,14,11534336,16606298112,207618048,274726912,52564
/lvm/fsa-20G-ext4,20511312,11628096,3,189,3881340,1908148,17424,1774960,2,0.94,2.02,2.88,5935,12428771328,12428771328,3.97559E+11,3.97626E+11,111897623
/lvm/fsa-20G-ext4,20511312,11628096,3,189,3881340,1821752,17432,1792468,2,1.01,1.7,2.66,14,11534336,12428771328,207618048,274726912,43197
/lvm/fsa-2G-ext3,1998672,1585296,2,24,3881340,1800008,17432,1803884,2,1.01,1.68,2.64,936,1945108480,1945108480,62081990656,62149099520,21185074
/lvm/fsa-2G-ext3,1998672,1585296,2,24,3881340,1795700,17420,1785888,2,1.01,1.62,2.6,14,11534336,1945108480,207618048,274726912,42623
/lvm/fsa-2G-ext4,1998672,1982288,3,20,3881340,1706024,17420,1955012,2,0.93,1.59,2.58,1037,2156920832,2156920832,68859985920,68927094784,66463045
/lvm/fsa-2G-ext4,1998672,1982288,3,20,3881340,1723972,17420,1922552,2,2.61,1.97,2.62,14,11534336,2156920832,207618048,274726912,39594
/lvm/fsa-50G-ext3,51475068,5465444,2,97,3881340,1693840,17432,1952344,2,2.56,1.98,2.62,4621,9673113600,9673113600,3.09378E+11,3.09445E+11,365413304
/lvm/fsa-50G-ext3,51475068,5465444,2,97,3881340,2140364,17420,1450064,2,0.97,1.61,2.29,14,11534336,9673113600,207618048,274726912,58260
/lvm/fsa-50G-ext4,51474912,11297848,3,200,3881340,2136456,17420,1450500,2,0.97,1.59,2.28,6030,12628000768,12628000768,4.03935E+11,4.04002E+11,333515305
/lvm/fsa-50G-ext4,51474912,11297848,3,200,3881340,2148296,17420,1442856,2,1,1.18,1.89,14,11534336,12628000768,207618048,274726912,39235
/lvm/fsa-5G-ext3,5029504,4023604,2,53,3881340,2145824,17420,1442860,2,0.92,1.17,1.88,2452,5124390912,5124390912,1.63819E+11,1.63886E+11,168179474
/lvm/fsa-5G-ext3,5029504,4023604,2,53,3881340,2148840,17432,1443840,2,0.93,1.07,1.72,14,11534336,5124390912,207618048,274726912,49312
/lvm/fsa-5G-ext4,5029504,3988068,3,49,3881340,2143980,17424,1444080,2,0.85,1.05,1.71,2099,4384096256,4384096256,1.4013E+11,1.40197E+11,100247795
/lvm/fsa-5G-ext4,5029504,3988068,3,49,3881340,2144576,17432,1444940,2,0.97,1.04,1.63,14,11534336,4384096256,207618048,274726912,37603
/lvm/fsa-100G-ext3,103081248,8871820,2,178,3881340,143840,17420,3448816,2,5.75,4.98,3.25,6064,12699303936,12699303936,4.06216E+11,4.06283E+11,127672539
/lvm/fsa-100G-ext3,103081248,8871820,2,178,3881340,2071040,17420,1518196,2,1.46,3.66,3.16,14,11534336,12699303936,207618048,274726912,95107
/lvm/fsa-100G-ext4,103080888,3934676,3,83,3881340,2071064,17432,1518112,2,1.31,3.56,3.13,2877,6015680512,6015680512,1.9234E+11,1.92407E+11,62867954
/lvm/fsa-100G-ext4,103080888,3934676,3,83,3881340,2071536,17432,1517580,2,1.1,3.02,2.97,14,11534336,6015680512,207618048,274726912,41274
/lvm/fsa-10G-ext3,10190136,10190136,2,11,3881340,2069080,17432,1517768,2,1.1,3.02,2.97,5133,10746855424,10746855424,3.43738E+11,3.43805E+11,143526527
/lvm/fsa-10G-ext3,10190136,10190136,2,11,3881340,2068272,17432,1520192,2,1,2.21,2.67,14,11534336,10746855424,207618048,274726912,41770
/lvm/fsa-10G-ext4,10190100,8157492,3,100,3881340,2066744,17432,1520248,2,1,2.19,2.66,4210,8811184128,8811184128,2.81796E+11,2.81864E+11,159357020
/lvm/fsa-10G-ext4,10190100,8157492,3,100,3881340,2073864,17420,1517788,2,0.97,1.68,2.4,14,11534336,8811184128,207618048,274726912,41137
/lvm/fsa-1G-ext3,999320,999320,2,5,3881340,2068496,17432,1518000,2,0.97,1.67,2.39,525,1083179008,1083179008,34500247552,34567356416,10323970
/lvm/fsa-1G-ext3,999320,999320,2,5,3881340,2071636,17432,1517752,2,0.9,1.62,2.36,14,11534336,1083179008,207618048,274726912,52018
/lvm/fsa-1G-ext4,999320,982936,3,9,3881340,2068964,17420,1517864,2,0.9,1.62,2.36,524,1081081856,1081081856,34433138688,34500247552,13211104
/lvm/fsa-1G-ext4,999320,982936,3,9,3881340,2070564,17420,1517944,2,0.92,1.59,2.34,14,11534336,1081081856,207618048,274726912,60370
/lvm/fsa-20G-ext3,20511356,11948856,2,194,3881340,2051012,17432,1533852,2,0.85,1.57,2.33,8143,17059282944,17059282944,5.45736E+11,5.45803E+11,185454964
/lvm/fsa-20G-ext3,20511356,11948856,2,194,3881340,2063692,17420,1520404,2,1.05,1.34,2.1,14,11534336,17059282944,207618048,274726912,66138
/lvm/fsa-20G-ext4,20511312,11850996,3,189,3881340,2061488,17420,1520488,2,0.97,1.31,2.08,6043,12655263744,12655263744,4.04807E+11,4.04874E+11,152174715
/lvm/fsa-20G-ext4,20511312,11850996,3,189,3881340,2058856,17420,1519352,2,0.89,1.16,1.91,14,11534336,12655263744,207618048,274726912,41400
/lvm/fsa-2G-ext3,1998672,1651200,2,24,3881340,2062112,17420,1519364,2,0.82,1.14,1.9,964,2003828736,2003828736,63961038848,64028147712,41365940
/lvm/fsa-2G-ext3,1998672,1651200,2,24,3881340,2064380,17432,1519224,2,0.91,1.12,1.85,14,11534336,2003828736,207618048,274726912,52711
/lvm/fsa-2G-ext4,1998672,1982288,3,20,3881340,2061724,17420,1519380,2,0.92,1.12,1.85,1037,2156920832,2156920832,68859985920,68927094784,28891461
/lvm/fsa-2G-ext4,1998672,1982288,3,20,3881340,2063356,17420,1519096,2,0.9,1.09,1.82,14,11534336,2156920832,207618048,274726912,41043
/lvm/fsa-50G-ext3,51475068,5569556,2,97,3881340,2059344,17420,1519312,2,0.83,1.07,1.81,4774,9993977856,9993977856,3.19646E+11,3.19713E+11,176850545
/lvm/fsa-50G-ext3,51475068,5569556,2,97,3881340,2064740,17420,1519904,2,0.99,1.03,1.66,14,11534336,9993977856,207618048,274726912,74008
/lvm/fsa-50G-ext4,51474912,11510952,3,200,3881340,2062412,17432,1519924,2,0.99,1.03,1.65,6133,12844007424,12844007424,4.10847E+11,4.10914E+11,352411432
/lvm/fsa-50G-ext4,51474912,11510952,3,200,3881340,2062104,17420,1519388,2,1,1.01,1.45,14,11534336,12844007424,207618048,274726912,68129
/lvm/fsa-5G-ext3,5029504,4221684,2,53,3881340,2060044,17428,1519652,2,0.92,1,1.44,2516,5258608640,5258608640,1.68114E+11,1.68181E+11,97354792
/lvm/fsa-5G-ext3,5029504,4221684,2,53,3881340,2061524,17420,1519208,2,0.94,0.97,1.39,14,11534336,5258608640,207618048,274726912,50225
/lvm/fsa-5G-ext4,5029504,4183668,3,49,3881340,2059808,17420,1519552,2,0.86,0.96,1.38,2200,4595908608,4595908608,1.46908E+11,1.46975E+11,89214142
/lvm/fsa-5G-ext4,5029504,4183668,3,49,3881340,2060304,17424,1519144,2,0.97,0.97,1.34,14,11534336,4595908608,207618048,274726912,53224
/lvm/fsa-100G-ext3,103081248,8871820,2,178,3881340,203824,17420,3383092,2,10.2,5.7,3.18,6064,12699303936,12699303936,4.06216E+11,4.06283E+11,125890467
/lvm/fsa-100G-ext3,103081248,8871820,2,178,3881340,1978988,17420,1599808,2,1.73,4.57,3.41,14,11534336,12699303936,207618048,274726912,56843
/lvm/fsa-100G-ext4,103080888,3934676,3,83,3881340,1980684,17420,1599580,2,1.61,4.45,3.38,2877,6015680512,6015680512,1.9234E+11,1.92407E+11,50261788
/lvm/fsa-100G-ext4,103080888,3934676,3,83,3881340,1980056,17432,1599828,2,1.27,3.92,3.26,14,11534336,6015680512,207618048,274726912,40398
/lvm/fsa-10G-ext3,10190136,10190136,2,11,3881340,1976004,17432,1599872,2,1.17,3.86,3.24,5133,10746855424,10746855424,3.43738E+11,3.43805E+11,116893039
/lvm/fsa-10G-ext3,10190136,10190136,2,11,3881340,1979360,17420,1600680,2,0.95,2.89,2.96,14,11534336,10746855424,207618048,274726912,40567
/lvm/fsa-10G-ext4,10190100,8552392,3,100,3881340,1977112,17432,1600716,2,0.96,2.86,2.95,4421,9253683200,9253683200,2.95956E+11,2.96023E+11,138807178
/lvm/fsa-10G-ext4,10190100,8552392,3,100,3881340,1980004,17432,1599840,2,0.92,2.15,2.68,14,11534336,9253683200,207618048,274726912,40698
/lvm/fsa-1G-ext3,999320,999320,2,5,3881340,1977720,17420,1599656,2,0.85,2.11,2.66,525,1083179008,1083179008,34500247552,34567356416,11781302
/lvm/fsa-1G-ext3,999320,999320,2,5,3881340,1980092,17432,1599824,2,0.88,2.06,2.63,14,11534336,1083179008,207618048,274726912,40927
/lvm/fsa-1G-ext4,999320,982936,3,9,3881340,1978612,17420,1599832,2,0.81,2.03,2.62,524,1081081856,1081081856,34433138688,34500247552,18257758
/lvm/fsa-1G-ext4,999320,982936,3,9,3881340,1980036,17420,1599876,2,0.86,1.96,2.59,14,11534336,1081081856,207618048,274726912,40385
/lvm/fsa-20G-ext3,20511356,12177776,2,194,3881340,1977200,17432,1600176,2,0.8,1.93,2.57,8374,17543725056,17543725056,5.61238E+11,5.61305E+11,199325977
/lvm/fsa-20G-ext3,20511356,12177776,2,194,3881340,1981036,17420,1598216,2,1.02,1.48,2.27,14,11534336,17543725056,207618048,274726912,50205
/lvm/fsa-20G-ext4,20511312,12078496,3,189,3881340,1981416,17420,1598088,2,0.94,1.45,2.26,6154,12888047616,12888047616,4.12256E+11,4.12323E+11,271847018
/lvm/fsa-20G-ext4,20511312,12078496,3,189,3881340,1980772,17420,1598228,2,1.08,1.18,1.93,14,11534336,12888047616,207618048,274726912,66896
/lvm/fsa-2G-ext3,1998672,1727380,2,24,3881340,1977940,17432,1598324,2,1.08,1.18,1.93,996,2070937600,2070937600,66108522496,66175631360,73835139
/lvm/fsa-2G-ext3,1998672,1727380,2,24,3881340,1978084,17424,1600352,2,1,1.13,1.85,14,11534336,2070937600,207618048,274726912,101751
/lvm/fsa-2G-ext4,1998672,1982288,3,20,3881340,1975652,17424,1600432,2,1,1.12,1.84,1037,2156920832,2156920832,68859985920,68927094784,107437871
/lvm/fsa-2G-ext4,1998672,1982288,3,20,3881340,1981052,17424,1598232,2,1,1.09,1.75,14,11534336,2156920832,207618048,274726912,60726
/lvm/fsa-50G-ext3,51475068,5675052,2,97,3881340,1979216,17436,1598276,2,1.16,1.12,1.75,4920,10300162048,10300162048,3.29444E+11,3.29511E+11,152606295
/lvm/fsa-50G-ext3,51475068,5675052,2,97,3881340,1970648,25312,1607120,2,0.96,1.04,1.62,14,11534336,10300162048,207618048,274726912,59815
/lvm/fsa-50G-ext4,51474912,11729852,3,200,3881340,1970320,25312,1606992,2,0.97,1.04,1.62,6239,13066305536,13066305536,4.1796E+11,4.18027E+11,222886044
/lvm/fsa-50G-ext4,51474912,11729852,3,200,3881340,1970884,25304,1607160,2,1,1.01,1.48,14,11534336,13066305536,207618048,274726912,68807
/lvm/fsa-5G-ext3,5029504,4429508,2,53,3881340,1968084,25300,1607384,2,1,1.01,1.48,2559,5348786176,5348786176,1.71E+11,1.71067E+11,62575703
/lvm/fsa-5G-ext3,5029504,4429508,2,53,3881340,1970328,25300,1607208,2,0.97,1,1.44,14,11534336,5348786176,207618048,274726912,55902
/lvm/fsa-5G-ext4,5029504,4389268,3,49,3881340,1967932,25300,1607336,2,0.97,1,1.44,2312,4830789632,4830789632,1.54424E+11,1.54491E+11,50973201
/lvm/fsa-5G-ext4,5029504,4389268,3,49,3881340,1969832,25300,1607284,2,0.99,1,1.41,14,11534336,4830789632,207618048,274726912,38485
/lvm/fsa-100G-ext3,103081248,8871820,2,178,3881340,197948,25300,3384904,2,10.43,5.58,3.14,6064,12699303936,12699303936,4.06216E+11,4.06283E+11,85759804
/lvm/fsa-100G-ext3,103081248,8871820,2,178,3881340,1886788,25300,1689744,2,2.56,5.28,3.63,14,11534336,12699303936,207618048,274726912,43793
/lvm/fsa-100G-ext4,103080888,3934676,3,83,3881340,1886600,25312,1689848,2,2.25,5.12,3.6,2877,6015680512,6015680512,1.9234E+11,1.92407E+11,53405944
/lvm/fsa-100G-ext4,103080888,3934676,3,83,3881340,1878408,33504,1697856,2,1.57,4.44,3.45,14,11534336,6015680512,207618048,274726912,54649
/lvm/fsa-10G-ext3,10190136,10190136,2,11,3881340,1876224,33496,1697876,2,1.53,4.39,3.44,5133,10746855424,10746855424,3.43738E+11,3.43805E+11,134200589
/lvm/fsa-10G-ext3,10190136,10190136,2,11,3881340,1878064,33492,1697776,2,1.13,3.16,3.11,14,11534336,10746855424,207618048,274726912,41815
/lvm/fsa-10G-ext4,10190100,8968192,3,100,3881340,1875968,33492,1698016,2,1.13,3.16,3.11,4632,9696182272,9696182272,3.10116E+11,3.10183E+11,123851483
/lvm/fsa-10G-ext4,10190100,8968192,3,100,3881340,1877764,33492,1697740,2,1,2.38,2.83,14,11534336,9696182272,207618048,274726912,39805
/lvm/fsa-1G-ext3,999320,999320,2,5,3881340,1875512,33504,1698012,2,1.16,2.39,2.83,525,1083179008,1083179008,34500247552,34567356416,7772656
/lvm/fsa-1G-ext3,999320,999320,2,5,3881340,1878496,33504,1698444,2,1.14,2.35,2.81,14,11534336,1083179008,207618048,274726912,39946
/lvm/fsa-1G-ext4,999320,982936,3,9,3881340,1875664,33492,1698516,2,1.14,2.35,2.81,524,1081081856,1081081856,34433138688,34500247552,19443807
/lvm/fsa-1G-ext4,999320,982936,3,9,3881340,1875740,33504,1698332,2,0.97,2.21,2.76,14,11534336,1081081856,207618048,274726912,37259
/lvm/fsa-20G-ext3,20511356,12409812,2,194,3881340,1873348,33504,1698648,2,0.89,2.17,2.74,8585,17986224128,17986224128,5.75398E+11,5.75465E+11,193395143
/lvm/fsa-20G-ext3,20511356,12409812,2,194,3881340,1874504,33492,1696992,2,0.95,1.62,2.41,14,11534336,17986224128,207618048,274726912,48219
/lvm/fsa-20G-ext4,20511312,12308796,3,189,3881340,1876884,33492,1696884,2,0.96,1.61,2.41,6264,13118734336,13118734336,4.19638E+11,4.19705E+11,135308544
/lvm/fsa-20G-ext4,20511312,12308796,3,189,3881340,1878476,33492,1696992,2,0.96,1.36,2.2,14,11534336,13118734336,207618048,274726912,55288
/lvm/fsa-2G-ext3,1998672,1819996,2,24,3881340,1876428,33504,1696988,2,0.88,1.33,2.19,1024,2129657856,2129657856,67987570688,68054679552,31771155
/lvm/fsa-2G-ext3,1998672,1819996,2,24,3881340,1877504,33492,1696936,2,0.88,1.28,2.14,14,11534336,2129657856,207618048,274726912,40030
/lvm/fsa-2G-ext4,1998672,1982288,3,20,3881340,1876320,33504,1696816,2,0.88,1.28,2.14,1037,2156920832,2156920832,68859985920,68927094784,41465739
/lvm/fsa-2G-ext4,1998672,1982288,3,20,3881340,1877880,33492,1696780,2,0.9,1.23,2.08,14,11534336,2156920832,207618048,274726912,41630
/lvm/fsa-50G-ext3,51475068,5782652,2,97,3881340,1876304,33504,1697060,2,0.91,1.22,2.08,5064,10602151936,10602151936,3.39107E+11,3.39174E+11,186948175
/lvm/fsa-50G-ext3,51475068,5782652,2,97,3881340,1875924,33492,1697224,2,0.99,1.11,1.87,14,11534336,10602151936,207618048,274726912,64949
/lvm/fsa-50G-ext4,51474912,11950852,3,200,3881340,1880852,33492,1697040,2,0.92,1.09,1.86,6347,13292797952,13292797952,4.25208E+11,4.25275E+11,266746879
/lvm/fsa-50G-ext4,51474912,11950852,3,200,3881340,1874876,33492,1697132,2,0.96,1.01,1.63,14,11534336,13292797952,207618048,274726912,42486
/lvm/fsa-5G-ext3,5029504,4647796,2,53,3881340,1874876,33492,1697496,2,0.97,1.01,1.62,2573,5378146304,5378146304,1.71939E+11,1.72006E+11,87050298
/lvm/fsa-5G-ext3,5029504,4647796,2,53,3881340,1877512,33504,1696624,2,0.99,1.01,1.57,14,11534336,5378146304,207618048,274726912,56239
/lvm/fsa-5G-ext4,5029504,4605268,3,49,3881340,1874972,33492,1697144,2,0.99,1.01,1.57,2416,5048893440,5048893440,1.61403E+11,1.6147E+11,61683981
/lvm/fsa-5G-ext4,5029504,4605268,3,49,3881340,1875808,33492,1696740,2,0.89,0.97,1.51,14,11534336,5048893440,207618048,274726912,54994
/lvm/fsa-100G-ext3,103081248,8871820,2,178,3881340,118588,33492,3459324,2,11.31,5.82,3.3,6064,12699303936,12699303936,4.06216E+11,4.06283E+11,122283238
/lvm/fsa-100G-ext3,103081248,8871820,2,178,3881340,1849904,33492,1722172,2,1.73,4.49,3.42,14,11534336,12699303936,207618048,274726912,55873
/lvm/fsa-100G-ext4,103080888,3934676,3,83,3881340,1849792,33492,1722092,2,1.46,4.34,3.38,2877,6015680512,6015680512,1.9234E+11,1.92407E+11,49802813
/lvm/fsa-100G-ext4,103080888,3934676,3,83,3881340,1851792,33492,1721936,2,1.2,3.82,3.26,14,11534336,6015680512,207618048,274726912,37329
/lvm/fsa-10G-ext3,10190136,10190136,2,11,3881340,1849572,33492,1722076,2,1.1,3.76,3.24,5133,10746855424,10746855424,3.43738E+11,3.43805E+11,142364677
/lvm/fsa-10G-ext3,10190136,10190136,2,11,3881340,1849620,33504,1721956,2,1.01,2.7,2.92,14,11534336,10746855424,207618048,274726912,47187
/lvm/fsa-10G-ext4,10190100,9407892,3,100,3881340,1847108,33504,1722120,2,0.93,2.65,2.9,4852,10157555712,10157555712,3.2488E+11,3.24947E+11,144552652
/lvm/fsa-10G-ext4,10190100,9407892,3,100,3881340,1847568,33492,1722140,2,1,2.01,2.62,14,11534336,10157555712,207618048,274726912,49802
/lvm/fsa-1G-ext3,999320,999320,2,5,3881340,1848520,33504,1722068,2,1,2.01,2.62,525,1083179008,1083179008,34500247552,34567356416,7013519
/lvm/fsa-1G-ext3,999320,999320,2,5,3881340,1852264,33492,1722220,2,0.93,1.96,2.6,14,11534336,1083179008,207618048,274726912,37773
/lvm/fsa-1G-ext4,999320,982936,3,9,3881340,1849452,33504,1722180,2,0.85,1.93,2.59,524,1081081856,1081081856,34433138688,34500247552,19007604
/lvm/fsa-1G-ext4,999320,982936,3,9,3881340,1851024,33504,1722264,2,0.83,1.85,2.55,14,11534336,1081081856,207618048,274726912,36942
/lvm/fsa-20G-ext3,20511356,12647136,2,194,3881340,1849128,33492,1722052,2,0.77,1.82,2.53,8797,18430820352,18430820352,5.89625E+11,5.89692E+11,260180551
/lvm/fsa-20G-ext3,20511356,12647136,2,194,3881340,1853584,33492,1720840,2,0.99,1.34,2.16,14,11534336,18430820352,207618048,274726912,72767
/lvm/fsa-20G-ext4,20511312,12544096,3,189,3881340,1849628,33492,1721028,2,1,1.34,2.15,6380,13362003968,13362003968,4.27423E+11,4.2749E+11,389570637
/lvm/fsa-20G-ext4,20511312,12544096,3,189,3881340,1847000,33492,1720940,2,1,1.09,1.75,14,11534336,13362003968,207618048,274726912,44711
/lvm/fsa-2G-ext3,1998672,1894180,2,24,3881340,1846656,33492,1720916,2,1,1.08,1.75,1037,2156920832,2156920832,68859985920,68927094784,55267659
/lvm/fsa-2G-ext3,1998672,1894180,2,24,3881340,1848948,33492,1720848,2,1,1.07,1.7,14,11534336,2156920832,207618048,274726912,38491
/lvm/fsa-2G-ext4,1998672,1982288,3,20,3881340,1847128,33492,1720932,2,1,1.07,1.69,1037,2156920832,2156920832,68859985920,68927094784,42851307
/lvm/fsa-2G-ext4,1998672,1982288,3,20,3881340,1848604,33492,1721044,2,1,1.06,1.66,14,11534336,2156920832,207618048,274726912,50899
/lvm/fsa-50G-ext3,51475068,5891876,2,97,3881340,1846776,33504,1721040,2,1,1.06,1.66,5208,10904141824,10904141824,3.48771E+11,3.48838E+11,216375750
/lvm/fsa-50G-ext3,51475068,5891876,2,97,3881340,1852852,33492,1721140,2,1.03,1.04,1.52,14,11534336,10904141824,207618048,274726912,89310
/lvm/fsa-50G-ext4,51474912,12178752,3,200,3881340,1850284,33492,1721132,2,1.02,1.04,1.52,6458,13525581824,13525581824,4.32657E+11,4.32724E+11,269734312
/lvm/fsa-50G-ext4,51474912,12178752,3,200,3881340,1843508,33492,1721196,2,1,1.01,1.39,14,11534336,13525581824,207618048,274726912,37401
/lvm/fsa-5G-ext3,5029504,4877120,2,53,3881340,1847476,33504,1721260,2,0.92,1,1.38,2573,5378146304,5378146304,1.71939E+11,1.72006E+11,83117162
/lvm/fsa-5G-ext3,5029504,4877120,2,53,3881340,1849060,33492,1721172,2,0.98,1,1.34,14,11534336,5378146304,207618048,274726912,37705
/lvm/fsa-5G-ext4,5029504,4832068,3,49,3881340,1847344,33504,1721360,2,0.9,0.98,1.34,2528,5283774464,5283774464,1.68919E+11,1.68986E+11,58731280
/lvm/fsa-5G-ext4,5029504,4832068,3,49,3881340,1849524,33492,1721136,2,0.96,0.99,1.31,14,11534336,5283774464,207618048,274726912,37695
/lvm/fsa-100G-ext3,103081248,8871820,2,178,3881340,118376,33492,3457900,2,8.87,5.43,3.06,6064,12699303936,12699303936,4.06216E+11,4.06283E+11,187970204
/lvm/fsa-100G-ext3,103081248,8871820,2,178,3881340,1821608,33492,1751580,2,1.18,3.34,2.83,14,11534336,12699303936,207618048,274726912,56784
/lvm/fsa-100G-ext4,103080888,3934676,3,83,3881340,1818500,33492,1751512,2,1.08,3.25,2.8,2877,6015680512,6015680512,1.9234E+11,1.92407E+11,126905798
/lvm/fsa-100G-ext4,103080888,3934676,3,83,3881340,1817340,33504,1749016,2,1.01,2.45,2.57,14,11534336,6015680512,207618048,274726912,142063
/lvm/fsa-10G-ext3,10190136,10190136,2,11,3881340,1816744,33492,1749228,2,1.01,2.43,2.56,5133,10746855424,10746855424,3.43738E+11,3.43805E+11,300623177
/lvm/fsa-10G-ext3,10190136,10190136,2,11,3881340,1820784,33504,1749076,2,0.85,1.44,2.09,14,11534336,10746855424,207618048,274726912,49420
/lvm/fsa-10G-ext4,10190100,9864392,3,100,3881340,1818504,33504,1748936,2,0.78,1.41,2.08,5068,10610540544,10610540544,3.39376E+11,3.39443E+11,215719147
/lvm/fsa-10G-ext4,10190100,9864392,3,100,3881340,1820068,33492,1748940,2,0.92,1.14,1.83,14,11534336,10610540544,207618048,274726912,76416
/lvm/fsa-1G-ext3,999320,999320,2,5,3881340,1818452,33492,1749144,2,0.85,1.13,1.82,525,1083179008,1083179008,34500247552,34567356416,15227212
/lvm/fsa-1G-ext3,999320,999320,2,5,3881340,1821000,33504,1749348,2,0.76,1.09,1.79,14,11534336,1083179008,207618048,274726912,68723
/lvm/fsa-1G-ext4,999320,982936,3,9,3881340,1817740,33504,1749384,2,0.7,1.07,1.78,524,1081081856,1081081856,34433138688,34500247552,20750544
/lvm/fsa-1G-ext4,999320,982936,3,9,3881340,1819772,33492,1749432,2,0.74,1.05,1.75,14,11534336,1081081856,207618048,274726912,59636
/lvm/fsa-20G-ext3,20511356,12889176,2,194,3881340,1819844,33492,1749376,2,0.74,1.05,1.75,8990,18835570688,18835570688,6.02577E+11,6.02644E+11,201005885
/lvm/fsa-20G-ext3,20511356,12889176,2,194,3881340,1829460,33504,1739480,2,0.96,0.99,1.59,14,11534336,18835570688,207618048,274726912,52659
/lvm/fsa-20G-ext4,20511312,12784496,3,189,3881340,1827008,33492,1739504,2,0.88,0.98,1.58,6497,13607370752,13607370752,4.35274E+11,4.35341E+11,158570106
/lvm/fsa-20G-ext4,20511312,12784496,3,189,3881340,1829200,33504,1739396,2,1.01,0.98,1.48,14,11534336,13607370752,207618048,274726912,37602
/lvm/fsa-2G-ext3,1998672,1971808,2,24,3881340,1827536,33504,1739508,2,1.01,0.98,1.48,1037,2156920832,2156920832,68859985920,68927094784,30122961
/lvm/fsa-2G-ext3,1998672,1971808,2,24,3881340,1829460,33504,1739380,2,0.89,0.95,1.45,14,11534336,2156920832,207618048,274726912,48170
/lvm/fsa-2G-ext4,1998672,1982288,3,20,3881340,1826860,33496,1739320,2,0.82,0.93,1.45,1037,2156920832,2156920832,68859985920,68927094784,20207057
/lvm/fsa-2G-ext4,1998672,1982288,3,20,3881340,1829180,33500,1739220,2,0.87,0.93,1.44,14,11534336,2156920832,207618048,274726912,37761
/lvm/fsa-50G-ext3,51475068,6003772,2,97,3881340,1826296,33504,1739548,2,0.8,0.92,1.43,5366,11235491840,11235491840,3.59374E+11,3.59441E+11,88227965
/lvm/fsa-50G-ext3,51475068,6003772,2,97,3881340,1828152,33492,1739460,2,1.04,0.96,1.4,14,11534336,11235491840,207618048,274726912,50857
/lvm/fsa-50G-ext4,51474912,12411152,3,200,3881340,1824316,33492,1739556,2,1.03,0.96,1.39,6571,13762560000,13762560000,4.4024E+11,4.40308E+11,124999991
/lvm/fsa-50G-ext4,51474912,12411152,3,200,3881340,1828196,33492,1739608,2,0.96,0.95,1.33,14,11534336,13762560000,207618048,274726912,34234
/lvm/fsa-5G-ext3,5029504,5029504,2,53,3881340,1825560,33504,1739636,2,0.89,0.93,1.32,2573,5378146304,5378146304,1.71939E+11,1.72006E+11,58682455
/lvm/fsa-5G-ext3,5029504,5029504,2,53,3881340,1827936,33504,1739576,2,0.96,0.94,1.31,14,11534336,5378146304,207618048,274726912,93316
/lvm/fsa-5G-ext4,5029504,5013120,3,49,3881340,1825908,33504,1739852,2,1.04,0.96,1.31,2573,5378146304,5378146304,1.71939E+11,1.72006E+11,54000676
/lvm/fsa-5G-ext4,5029504,5013120,3,49,3881340,1827616,33492,1739680,2,0.96,0.95,1.29,14,11534336,5378146304,207618048,274726912,47094
/lvm/fsa-100G-ext3,103081248,8871820,2,178,3881340,622696,33492,2950360,2,4.11,2.35,1.76,6064,12699303936,12699303936,4.06216E+11,4.06283E+11,79287695
/lvm/fsa-100G-ext3,103081248,8871820,2,178,3881340,1819344,33504,1746968,2,1.91,2.47,1.92,14,11534336,12699303936,207618048,274726912,61144
/lvm/fsa-100G-ext4,103080888,3934676,3,83,3881340,1819116,33504,1747128,2,1.83,2.45,1.92,2877,6015680512,6015680512,1.9234E+11,1.92407E+11,39565538
/lvm/fsa-100G-ext4,103080888,3934676,3,83,3881340,1821732,33492,1742444,2,1.28,2.21,1.86,14,11534336,6015680512,207618048,274726912,37578
/lvm/fsa-10G-ext3,10190136,10190136,2,11,3881340,1819600,33492,1742492,2,1.18,2.18,1.85,5133,10746855424,10746855424,3.43738E+11,3.43805E+11,92521430
/lvm/fsa-10G-ext3,10190136,10190136,2,11,3881340,1827416,33492,1738320,2,0.97,1.84,1.76,14,11534336,10746855424,207618048,274726912,37324
/lvm/fsa-10G-ext4,10190100,10173716,3,100,3881340,1825680,33492,1738412,2,0.97,1.83,1.76,5133,10746855424,10746855424,3.43738E+11,3.43805E+11,108787784
/lvm/fsa-10G-ext4,10190100,10173716,3,100,3881340,1829480,33504,1736928,2,1.02,1.58,1.68,14,11534336,10746855424,207618048,274726912,53213
/lvm/fsa-1G-ext3,999320,999320,2,5,3881340,1827096,33504,1737040,2,0.94,1.56,1.67,525,1083179008,1083179008,34500247552,34567356416,7153362
/lvm/fsa-1G-ext3,999320,999320,2,5,3881340,1829644,33504,1737088,2,0.95,1.54,1.66,14,11534336,1083179008,207618048,274726912,45253
/lvm/fsa-1G-ext4,999320,982936,3,9,3881340,1827016,33504,1737204,2,0.95,1.54,1.66,524,1081081856,1081081856,34433138688,34500247552,13133154
/lvm/fsa-1G-ext4,999320,982936,3,9,3881340,1828300,33504,1737184,2,0.9,1.49,1.65,14,11534336,1081081856,207618048,274726912,49993
/lvm/fsa-20G-ext3,20511356,13136280,2,194,3881340,1827316,33492,1737304,2,0.9,1.49,1.65,9179,19231932416,19231932416,6.1526E+11,6.15327E+11,160120225
/lvm/fsa-20G-ext3,20511356,13136280,2,194,3881340,1835644,33492,1729864,2,0.92,1.25,1.53,14,11534336,19231932416,207618048,274726912,57435
/lvm/fsa-20G-ext4,20511312,13029896,3,189,3881340,1833448,33492,1729780,2,0.85,1.23,1.52,6616,13856931840,13856931840,4.4326E+11,4.43327E+11,122056434
/lvm/fsa-20G-ext4,20511312,13029896,3,189,3881340,1836300,33492,1728792,2,0.92,1.13,1.45,14,11534336,13856931840,207618048,274726912,33495
/lvm/fsa-2G-ext3,1998672,1998672,2,24,3881340,1834384,33504,1728892,2,0.93,1.12,1.44,1037,2156920832,2156920832,68859985920,68927094784,29709797
/lvm/fsa-2G-ext3,1998672,1998672,2,24,3881340,1836112,33504,1728732,2,0.88,1.1,1.42,14,11534336,2156920832,207618048,274726912,37503
/lvm/fsa-2G-ext4,1998672,1982288,3,20,3881340,1834036,33492,1728864,2,0.81,1.08,1.42,1037,2156920832,2156920832,68859985920,68927094784,20867618
/lvm/fsa-2G-ext4,1998672,1982288,3,20,3881340,1836068,33504,1728860,2,0.95,1.09,1.41,14,11534336,2156920832,207618048,274726912,50848
/lvm/fsa-50G-ext3,51475068,6118272,2,97,3881340,1833476,33492,1728876,2,0.95,1.09,1.41,5512,11541676032,11541676032,3.69172E+11,3.69239E+11,95566497
/lvm/fsa-50G-ext3,51475068,6118272,2,97,3881340,1835572,33504,1728948,2,0.97,1.05,1.37,14,11534336,11541676032,207618048,274726912,67984
/lvm/fsa-50G-ext4,51474912,12648352,3,200,3881340,1833296,33504,1729196,2,0.98,1.05,1.36,6686,14003732480,14003732480,4.47958E+11,4.48025E+11,139492585
/lvm/fsa-50G-ext4,51474912,12648352,3,200,3881340,1834144,33504,1729136,2,0.98,1.02,1.31,14,11534336,14003732480,207618048,274726912,31777
/lvm/fsa-5G-ext3,5029504,5029504,2,53,3881340,1832368,33504,1729260,2,1.06,1.03,1.31,2573,5378146304,5378146304,1.71939E+11,1.72006E+11,59485527
/lvm/fsa-5G-ext3,5029504,5029504,2,53,3881340,1834628,33496,1729076,2,1.02,1.03,1.29,14,11534336,5378146304,207618048,274726912,38229
/lvm/fsa-5G-ext4,5029504,5013120,3,49,3881340,1832712,33492,1729240,2,0.94,1.01,1.28,2573,5378146304,5378146304,1.71939E+11,1.72006E+11,49966733
/lvm/fsa-5G-ext4,5029504,5013120,3,49,3881340,1834504,33492,1729256,2,0.97,1.01,1.27,14,11534336,5378146304,207618048,274726912,37600
/lvm/fsa-100G-ext3,103081248,8871820,2,178,3881340,912564,33492,2657028,2,8.01,3.5,2.13,6064,12699303936,12699303936,4.06216E+11,4.06283E+11,81328187
/lvm/fsa-100G-ext3,103081248,8871820,2,178,3881340,1830380,33492,1732696,2,2.05,3.07,2.19,14,11534336,12699303936,207618048,274726912,75072
/lvm/fsa-100G-ext4,103080888,3934676,3,83,3881340,1830856,33504,1732664,2,1.89,3.02,2.18,2877,6015680512,6015680512,1.9234E+11,1.92407E+11,39935046
/lvm/fsa-100G-ext4,103080888,3934676,3,83,3881340,1830644,33492,1732488,2,1.45,2.77,2.13,14,11534336,6015680512,207618048,274726912,34347
/lvm/fsa-10G-ext3,10190136,10190136,2,11,3881340,1828336,33504,1732656,2,1.34,2.72,2.12,5133,10746855424,10746855424,3.43738E+11,3.43805E+11,89527238
/lvm/fsa-10G-ext3,10190136,10190136,2,11,3881340,1829612,33504,1732800,2,0.96,2.22,2,14,11534336,10746855424,207618048,274726912,85962
/lvm/fsa-10G-ext4,10190100,10173716,3,100,3881340,1827964,33504,1733064,2,0.96,2.2,2,5133,10746855424,10746855424,3.43738E+11,3.43805E+11,110941406
/lvm/fsa-10G-ext4,10190100,10173716,3,100,3881340,1830284,33504,1732652,2,1,1.83,1.88,14,11534336,10746855424,207618048,274726912,55144
/lvm/fsa-1G-ext3,999320,999320,2,5,3881340,1827980,33504,1732776,2,0.92,1.8,1.87,525,1083179008,1083179008,34500247552,34567356416,7083041
/lvm/fsa-1G-ext3,999320,999320,2,5,3881340,1830484,33504,1732816,2,1,1.79,1.87,14,11534336,1083179008,207618048,274726912,39457
/lvm/fsa-1G-ext4,999320,982936,3,9,3881340,1828288,33504,1732832,2,0.92,1.76,1.86,524,1081081856,1081081856,34433138688,34500247552,13014650
/lvm/fsa-1G-ext4,999320,982936,3,9,3881340,1827476,33492,1733468,2,0.86,1.71,1.84,14,11534336,1081081856,207618048,274726912,38348
/lvm/fsa-20G-ext3,20511356,13388568,2,194,3881340,1825228,33504,1733540,2,0.79,1.68,1.83,9350,19590545408,19590545408,6.26736E+11,6.26803E+11,168856171
/lvm/fsa-20G-ext3,20511356,13388568,2,194,3881340,1829180,33492,1732452,2,0.97,1.36,1.68,14,11534336,19590545408,207618048,274726912,52897
/lvm/fsa-20G-ext4,20511312,13279496,3,189,3881340,1825024,33504,1732412,2,0.9,1.34,1.67,6738,14112784384,14112784384,4.51448E+11,4.51515E+11,126345841
/lvm/fsa-20G-ext4,20511312,13279496,3,189,3881340,1828772,33492,1732552,2,0.91,1.2,1.58,14,11534336,14112784384,207618048,274726912,38887
/lvm/fsa-2G-ext3,1998672,1998672,2,24,3881340,1827160,33492,1732604,2,0.83,1.18,1.57,1037,2156920832,2156920832,68859985920,68927094784,27348005
/lvm/fsa-2G-ext3,1998672,1998672,2,24,3881340,1829072,33492,1732424,2,0.9,1.17,1.55,14,11534336,2156920832,207618048,274726912,40086
/lvm/fsa-2G-ext4,1998672,1982288,3,20,3881340,1826536,33504,1732420,2,0.99,1.18,1.56,1037,2156920832,2156920832,68859985920,68927094784,20897413
/lvm/fsa-2G-ext4,1998672,1982288,3,20,3881340,1826412,33504,1732392,2,0.99,1.17,1.54,14,11534336,2156920832,207618048,274726912,36848
/lvm/fsa-50G-ext3,51475068,6234784,2,97,3881340,1823932,33492,1732380,2,1.07,1.18,1.55,5660,11852054528,11852054528,3.79104E+11,3.79171E+11,93107299
/lvm/fsa-50G-ext3,51475068,6234784,2,97,3881340,1828636,33492,1732512,2,1.01,1.13,1.49,14,11534336,11852054528,207618048,274726912,51528
/lvm/fsa-50G-ext4,51474912,12888352,3,200,3881340,1826460,33504,1732616,2,0.93,1.11,1.48,6803,14249099264,14249099264,4.5581E+11,4.55877E+11,137065375
/lvm/fsa-50G-ext4,51474912,12888352,3,200,3881340,1827368,33496,1732632,2,0.99,1.06,1.41,14,11534336,14249099264,207618048,274726912,51947
/lvm/fsa-5G-ext3,5029504,5029504,2,53,3881340,1825612,33492,1732560,2,0.91,1.04,1.4,2573,5378146304,5378146304,1.71939E+11,1.72006E+11,57132883
/lvm/fsa-5G-ext3,5029504,5029504,2,53,3881340,1827672,33504,1732624,2,0.97,1.04,1.38,14,11534336,5378146304,207618048,274726912,37332
/lvm/fsa-5G-ext4,5029504,5013120,3,49,3881340,1826080,33492,1732680,2,0.97,1.04,1.38,2573,5378146304,5378146304,1.71939E+11,1.72006E+11,50794056
/lvm/fsa-5G-ext4,5029504,5013120,3,49,3881340,1827424,33504,1732788,2,0.99,1.03,1.36,14,11534336,5378146304,207618048,274726912,38284
/lvm/fsa-100G-ext3,103081248,8871820,2,178,3881340,859236,33492,2706860,2,7.39,3.51,2.22,6064,12699303936,12699303936,4.06216E+11,4.06283E+11,79868584
/lvm/fsa-100G-ext3,103081248,8871820,2,178,3881340,1826200,33492,1733588,2,2.13,3,2.22,14,11534336,12699303936,207618048,274726912,50424
/lvm/fsa-100G-ext4,103080888,3934676,3,83,3881340,1825932,33504,1733540,2,1.96,2.95,2.2,2877,6015680512,6015680512,1.9234E+11,1.92407E+11,38341863
/lvm/fsa-100G-ext4,103080888,3934676,3,83,3881340,1826680,33492,1733304,2,1.49,2.7,2.15,14,11534336,6015680512,207618048,274726912,37031
/lvm/fsa-10G-ext3,10190136,10190136,2,11,3881340,1823632,33492,1733208,2,1.45,2.67,2.15,5133,10746855424,10746855424,3.43738E+11,3.43805E+11,94544728
/lvm/fsa-10G-ext3,10190136,10190136,2,11,3881340,1825888,33504,1733336,2,1.04,2.2,2.03,14,11534336,10746855424,207618048,274726912,37933
/lvm/fsa-10G-ext4,10190100,10173716,3,100,3881340,1823420,33504,1733392,2,0.96,2.17,2.02,5133,10746855424,10746855424,3.43738E+11,3.43805E+11,111025596
/lvm/fsa-10G-ext4,10190100,10173716,3,100,3881340,1825792,33504,1733384,2,0.97,1.77,1.89,14,11534336,10746855424,207618048,274726912,44359
/lvm/fsa-1G-ext3,999320,999320,2,5,3881340,1823424,33504,1733520,2,0.97,1.76,1.89,525,1083179008,1083179008,34500247552,34567356416,6396403
/lvm/fsa-1G-ext3,999320,999320,2,5,3881340,1826024,33492,1733432,2,0.97,1.73,1.88,14,11534336,1083179008,207618048,274726912,37451
/lvm/fsa-1G-ext4,999320,982936,3,9,3881340,1824336,33504,1733428,2,0.97,1.73,1.88,524,1081081856,1081081856,34433138688,34500247552,12252963
/lvm/fsa-1G-ext4,999320,982936,3,9,3881340,1825580,33504,1733576,2,0.91,1.68,1.86,14,11534336,1081081856,207618048,274726912,47080
/lvm/fsa-20G-ext3,20511356,13645576,2,194,3881340,1823488,33492,1733700,2,0.84,1.65,1.85,9510,19926089728,19926089728,6.37473E+11,6.3754E+11,179076159
/lvm/fsa-20G-ext3,20511356,13645576,2,194,3881340,1828408,33492,1729540,2,0.98,1.36,1.7,14,11534336,19926089728,207618048,274726912,62715
/lvm/fsa-20G-ext4,20511312,13534496,3,189,3881340,1826700,33492,1729628,2,0.9,1.33,1.69,6862,14372831232,14372831232,4.59769E+11,4.59836E+11,126862773
/lvm/fsa-20G-ext4,20511312,13534496,3,189,3881340,1828600,33492,1729592,2,0.91,1.2,1.59,14,11534336,14372831232,207618048,274726912,37060
/lvm/fsa-2G-ext3,1998672,1998672,2,24,3881340,1826848,33504,1729740,2,0.91,1.2,1.59,1037,2156920832,2156920832,68859985920,68927094784,29476141
/lvm/fsa-2G-ext3,1998672,1998672,2,24,3881340,1828136,33496,1729640,2,0.9,1.16,1.57,14,11534336,2156920832,207618048,274726912,37517
/lvm/fsa-2G-ext4,1998672,1982288,3,20,3881340,1826132,33492,1729856,2,0.9,1.16,1.57,1037,2156920832,2156920832,68859985920,68927094784,19433447
/lvm/fsa-2G-ext4,1998672,1982288,3,20,3881340,1827812,33492,1729696,2,0.81,1.12,1.54,14,11534336,2156920832,207618048,274726912,37765
/lvm/fsa-50G-ext3,51475068,6353412,2,97,3881340,1825956,33504,1729776,2,0.74,1.1,1.53,5815,12177113088,12177113088,3.89506E+11,3.89573E+11,100719663
/lvm/fsa-50G-ext3,51475068,6353412,2,97,3881340,1827476,33504,1729784,2,0.96,1.07,1.48,14,11534336,12177113088,207618048,274726912,57162
/lvm/fsa-50G-ext4,51474912,13133652,3,200,3881340,1825664,33504,1729836,2,0.96,1.07,1.47,6923,14500757504,14500757504,4.63863E+11,4.6393E+11,139499668
/lvm/fsa-50G-ext4,51474912,13133652,3,200,3881340,1827208,33492,1729784,2,0.96,1.03,1.4,14,11534336,14500757504,207618048,274726912,30591
/lvm/fsa-5G-ext3,5029504,5029504,2,53,3881340,1825340,33492,1729908,2,1.05,1.05,1.41,2573,5378146304,5378146304,1.71939E+11,1.72006E+11,56695056
/lvm/fsa-5G-ext3,5029504,5029504,2,53,3881340,1826640,33504,1730136,2,1.02,1.04,1.38,14,11534336,5378146304,207618048,274726912,38614
/lvm/fsa-5G-ext4,5029504,5013120,3,49,3881340,1824396,33504,1730128,2,1.02,1.04,1.38,2573,5378146304,5378146304,1.71939E+11,1.72006E+11,53279553
/lvm/fsa-5G-ext4,5029504,5013120,3,49,3881340,1826496,33504,1729780,2,1.01,1.03,1.36,14,11534336,5378146304,207618048,274726912,37213
/lvm/fsa-100G-ext3,103081248,8871820,2,178,3881340,869860,33492,2692348,2,7.46,3.56,2.24,6064,12699303936,12699303936,4.06216E+11,4.06283E+11,83338596
/lvm/fsa-100G-ext3,103081248,8871820,2,178,3881340,1823200,33492,1732928,2,2.04,3.04,2.26,14,11534336,12699303936,207618048,274726912,51486
/lvm/fsa-100G-ext4,103080888,3934676,3,83,3881340,1823996,33492,1732724,2,1.88,2.99,2.25,2877,6015680512,6015680512,1.9234E+11,1.92407E+11,42753044
/lvm/fsa-100G-ext4,103080888,3934676,3,83,3881340,1823160,33492,1732832,2,1.36,2.7,2.18,14,11534336,6015680512,207618048,274726912,38916
/lvm/fsa-10G-ext3,10190136,10190136,2,11,3881340,1820676,33492,1732712,2,1.33,2.67,2.18,5133,10746855424,10746855424,3.43738E+11,3.43805E+11,108523464
/lvm/fsa-10G-ext3,10190136,10190136,2,11,3881340,1823068,33492,1732684,2,1.02,2.14,2.04,14,11534336,10746855424,207618048,274726912,40278
/lvm/fsa-10G-ext4,10190100,10173716,3,100,3881340,1821316,33504,1732804,2,1.02,2.12,2.03,5133,10746855424,10746855424,3.43738E+11,3.43805E+11,111779377
/lvm/fsa-10G-ext4,10190100,10173716,3,100,3881340,1822888,33504,1732752,2,1.02,1.77,1.92,14,11534336,10746855424,207618048,274726912,53387
/lvm/fsa-1G-ext3,999320,999320,2,5,3881340,1820688,33504,1732756,2,0.93,1.75,1.91,525,1083179008,1083179008,34500247552,34567356416,7041411
/lvm/fsa-1G-ext3,999320,999320,2,5,3881340,1823120,33492,1732796,2,0.94,1.72,1.9,14,11534336,1083179008,207618048,274726912,34717
/lvm/fsa-1G-ext4,999320,982936,3,9,3881340,1820748,33504,1733100,2,0.94,1.72,1.9,524,1081081856,1081081856,34433138688,34500247552,13125575
/lvm/fsa-1G-ext4,999320,982936,3,9,3881340,1822988,33492,1733208,2,0.9,1.66,1.87,14,11534336,1081081856,207618048,274726912,38736
/lvm/fsa-20G-ext3,20511356,13907284,2,194,3881340,1820508,33492,1733016,2,0.9,1.66,1.87,9645,20209205248,20209205248,6.46533E+11,6.466E+11,182399171
/lvm/fsa-20G-ext3,20511356,13907284,2,194,3881340,1822844,33504,1731572,2,0.95,1.36,1.72,14,11534336,20209205248,207618048,274726912,59221
/lvm/fsa-20G-ext4,20511312,13794996,3,189,3881340,1821456,33504,1731644,2,0.95,1.36,1.72,6990,14641266688,14641266688,4.68359E+11,4.68426E+11,130270061
/lvm/fsa-20G-ext4,20511312,13794996,3,189,3881340,1826140,33492,1728348,2,0.97,1.2,1.61,14,11534336,14641266688,207618048,274726912,40270
/lvm/fsa-2G-ext3,1998672,1998672,2,24,3881340,1823904,33504,1728604,2,0.97,1.2,1.61,1037,2156920832,2156920832,68859985920,68927094784,26539682
/lvm/fsa-2G-ext3,1998672,1998672,2,24,3881340,1826028,33504,1728204,2,0.98,1.18,1.59,14,11534336,2156920832,207618048,274726912,41479
/lvm/fsa-2G-ext4,1998672,1982288,3,20,3881340,1823832,33492,1728488,2,0.98,1.18,1.59,1037,2156920832,2156920832,68859985920,68927094784,20016326
/lvm/fsa-2G-ext4,1998672,1982288,3,20,3881340,1825488,33504,1728424,2,0.86,1.13,1.56,14,11534336,2156920832,207618048,274726912,40828
/lvm/fsa-50G-ext3,51475068,6474316,2,97,3881340,1823284,33504,1728464,2,0.79,1.12,1.55,5966,12493783040,12493783040,3.9964E+11,3.99707E+11,124600679
/lvm/fsa-50G-ext3,51475068,6474316,2,97,3881340,1824996,33492,1728608,2,0.96,1.08,1.48,14,11534336,12493783040,207618048,274726912,56002
/lvm/fsa-50G-ext4,51474912,13384852,3,200,3881340,1822600,33492,1728600,2,1.04,1.08,1.48,7046,14758707200,14758707200,4.72117E+11,4.72184E+11,143097595
/lvm/fsa-50G-ext4,51474912,13384852,3,200,3881340,1826068,33492,1728628,2,0.98,1.03,1.4,14,11534336,14758707200,207618048,274726912,40300
/lvm/fsa-5G-ext3,5029504,5029504,2,53,3881340,1824076,33504,1728776,2,1.63,1.16,1.44,2573,5378146304,5378146304,1.71939E+11,1.72006E+11,58882196
/lvm/fsa-5G-ext3,5029504,5029504,2,53,3881340,1824356,33504,1728676,2,1.23,1.13,1.41,14,11534336,5378146304,207618048,274726912,41001
/lvm/fsa-5G-ext4,5029504,5013120,3,49,3881340,1822368,33504,1729060,2,1.13,1.11,1.4,2573,5378146304,5378146304,1.71939E+11,1.72006E+11,51008456
/lvm/fsa-5G-ext4,5029504,5013120,3,49,3881340,1824128,33504,1729080,2,1.13,1.11,1.39,14,11534336,5378146304,207618048,274726912,41009
/lvm/fsa-100G-ext3,103081248,8871820,2,178,3881340,756468,33492,2802968,2,7.55,3.18,2.09,6064,12699303936,12699303936,4.06216E+11,4.06283E+11,77616375
/lvm/fsa-100G-ext3,103081248,8871820,2,178,3881340,1820088,33492,1732004,2,2.26,3.31,2.38,14,11534336,12699303936,207618048,274726912,47354
/lvm/fsa-100G-ext4,103080888,3934676,3,83,3881340,1821080,33492,1731808,2,2.24,3.29,2.37,2877,6015680512,6015680512,1.9234E+11,1.92407E+11,40793017
/lvm/fsa-100G-ext4,103080888,3934676,3,83,3881340,1820780,33492,1731840,2,1.54,2.95,2.3,14,11534336,6015680512,207618048,274726912,40663
/lvm/fsa-10G-ext3,10190136,10190136,2,11,3881340,1818472,33504,1731896,2,1.5,2.92,2.3,5133,10746855424,10746855424,3.43738E+11,3.43805E+11,86939742
/lvm/fsa-10G-ext3,10190136,10190136,2,11,3881340,1820592,33492,1731784,2,1.08,2.41,2.17,14,11534336,10746855424,207618048,274726912,40957
/lvm/fsa-10G-ext4,10190100,10173716,3,100,3881340,1818256,33492,1731956,2,1.08,2.39,2.17,5133,10746855424,10746855424,3.43738E+11,3.43805E+11,112383713
/lvm/fsa-10G-ext4,10190100,10173716,3,100,3881340,1817544,33504,1731868,2,1.03,1.95,2.04,14,11534336,10746855424,207618048,274726912,51770
/lvm/fsa-1G-ext3,999320,999320,2,5,3881340,1817636,33504,1732084,2,0.95,1.92,2.02,525,1083179008,1083179008,34500247552,34567356416,7245874
/lvm/fsa-1G-ext3,999320,999320,2,5,3881340,1820060,33504,1732056,2,0.96,1.89,2.01,14,11534336,1083179008,207618048,274726912,40333
/lvm/fsa-1G-ext4,999320,982936,3,9,3881340,1818244,33492,1732244,2,0.96,1.89,2.01,524,1081081856,1081081856,34433138688,34500247552,11666102
/lvm/fsa-1G-ext4,999320,982936,3,9,3881340,1820620,33504,1731976,2,0.9,1.83,1.99,14,11534336,1081081856,207618048,274726912,41016
/lvm/fsa-20G-ext3,20511356,14174600,2,194,3881340,1818192,33492,1732292,2,0.83,1.8,1.98,9761,20452474880,20452474880,6.54318E+11,6.54385E+11,190639539
/lvm/fsa-20G-ext3,20511356,14174600,2,194,3881340,1819688,33492,1731444,2,0.99,1.42,1.8,14,11534336,20452474880,207618048,274726912,61925
/lvm/fsa-20G-ext4,20511312,14060696,3,189,3881340,1817712,33492,1731568,2,0.91,1.39,1.79,7120,14913896448,14913896448,4.77083E+11,4.7715E+11,141595523
/lvm/fsa-20G-ext4,20511312,14060696,3,189,3881340,1819780,33492,1731464,2,0.99,1.24,1.67,14,11534336,14913896448,207618048,274726912,40627
/lvm/fsa-2G-ext3,1998672,1998672,2,24,3881340,1817124,33492,1731672,2,0.99,1.24,1.67,1037,2156920832,2156920832,68859985920,68927094784,26310222
/lvm/fsa-2G-ext3,1998672,1998672,2,24,3881340,1818744,33492,1731560,2,1,1.22,1.65,14,11534336,2156920832,207618048,274726912,41766
/lvm/fsa-2G-ext4,1998672,1982288,3,20,3881340,1817256,33504,1731596,2,0.92,1.2,1.64,1037,2156920832,2156920832,68859985920,68927094784,19348619
/lvm/fsa-2G-ext4,1998672,1982288,3,20,3881340,1818904,33504,1731456,2,0.94,1.19,1.63,14,11534336,2156920832,207618048,274726912,42210
/lvm/fsa-50G-ext3,51475068,6597760,2,97,3881340,1816928,33492,1731552,2,0.87,1.17,1.62,6122,12820938752,12820938752,4.10109E+11,4.10176E+11,107987772
/lvm/fsa-50G-ext3,51475068,6597760,2,97,3881340,1818348,33492,1731540,2,0.98,1.11,1.55,14,11534336,12820938752,207618048,274726912,54575
/lvm/fsa-50G-ext4,51474912,13640852,3,200,3881340,1815764,33492,1731772,2,0.98,1.11,1.55,7171,15020851200,15020851200,4.80506E+11,4.80573E+11,146636781
/lvm/fsa-50G-ext4,51474912,13640852,3,200,3881340,1817932,33504,1731740,2,0.99,1.06,1.46,14,11534336,15020851200,207618048,274726912,41138
/lvm/fsa-5G-ext3,5029504,5029504,2,53,3881340,1816624,33504,1731868,2,0.99,1.06,1.46,2573,5378146304,5378146304,1.71939E+11,1.72006E+11,55544544
/lvm/fsa-5G-ext3,5029504,5029504,2,53,3881340,1816088,33492,1731592,2,0.96,1.03,1.43,14,11534336,5378146304,207618048,274726912,40699
/lvm/fsa-5G-ext4,5029504,5013120,3,49,3881340,1813660,33504,1731876,2,0.89,1.02,1.42,2573,5378146304,5378146304,1.71939E+11,1.72006E+11,55298607
/lvm/fsa-5G-ext4,5029504,5013120,3,49,3881340,1817672,33492,1731656,2,0.95,1.01,1.39,14,11534336,5378146304,207618048,274726912,52277
/lvm/fsa-100G-ext3,103081248,8871820,2,178,3881340,846156,41684,2709492,2,7.61,3.29,2.16,6064,12699303936,12699303936,4.06216E+11,4.06283E+11,83765496
/lvm/fsa-100G-ext3,103081248,8871820,2,178,3881340,1807316,41696,1741636,2,2,3,2.27,14,11534336,12699303936,207618048,274726912,52916
/lvm/fsa-100G-ext4,103080888,3934676,3,83,3881340,1805152,41696,1741632,2,1.92,2.96,2.26,2877,6015680512,6015680512,1.9234E+11,1.92407E+11,41195812
/lvm/fsa-100G-ext4,103080888,3934676,3,83,3881340,1807688,41684,1741664,2,1.46,2.69,2.2,14,11534336,6015680512,207618048,274726912,39997
/lvm/fsa-10G-ext3,10190136,10190136,2,11,3881340,1805024,41684,1741700,2,1.34,2.64,2.19,5133,10746855424,10746855424,3.43738E+11,3.43805E+11,89217640
/lvm/fsa-10G-ext3,10190136,10190136,2,11,3881340,1806832,41696,1741532,2,1.01,2.2,2.08,14,11534336,10746855424,207618048,274726912,41714
/lvm/fsa-10G-ext4,10190100,10173716,3,100,3881340,1804576,41696,1741856,2,0.93,2.16,2.06,5133,10746855424,10746855424,3.43738E+11,3.43805E+11,109010666
/lvm/fsa-10G-ext4,10190100,10173716,3,100,3881340,1806004,41688,1741756,2,0.97,1.79,1.94,14,11534336,10746855424,207618048,274726912,42155
/lvm/fsa-1G-ext3,999320,999320,2,5,3881340,1804084,41684,1741920,2,0.97,1.78,1.94,525,1083179008,1083179008,34500247552,34567356416,6811087
/lvm/fsa-1G-ext3,999320,999320,2,5,3881340,1806708,41696,1741792,2,0.98,1.75,1.93,14,11534336,1083179008,207618048,274726912,41165
/lvm/fsa-1G-ext4,999320,982936,3,9,3881340,1804948,41696,1742116,2,0.98,1.74,1.92,524,1081081856,1081081856,34433138688,34500247552,12683687
/lvm/fsa-1G-ext4,999320,982936,3,9,3881340,1806880,41684,1741980,2,0.92,1.69,1.9,14,11534336,1081081856,207618048,274726912,39374
/lvm/fsa-20G-ext3,20511356,14447480,2,194,3881340,1804400,41696,1742124,2,0.92,1.69,1.9,9868,20676870144,20676870144,6.61498E+11,6.61565E+11,190763216
/lvm/fsa-20G-ext3,20511356,14447480,2,194,3881340,1809656,41688,1737916,2,0.96,1.33,1.72,14,11534336,20676870144,207618048,274726912,61045
/lvm/fsa-20G-ext4,20511312,14331096,3,189,3881340,1808084,41696,1738040,2,0.96,1.32,1.71,7250,15186526208,15186526208,4.85807E+11,4.85874E+11,135593401
/lvm/fsa-20G-ext4,20511312,14331096,3,189,3881340,1924692,41628,1737468,2,0.98,1.19,1.61,14,11534336,15186526208,207618048,274726912,36366
/lvm/fsa-2G-ext3,1998672,1998672,2,24,3881340,1923352,41624,1737604,2,0.98,1.19,1.6,1037,2156920832,2156920832,68859985920,68927094784,28037647
/lvm/fsa-2G-ext3,1998672,1998672,2,24,3881340,1925416,41636,1737300,2,0.86,1.14,1.57,14,11534336,2156920832,207618048,274726912,37996
/lvm/fsa-2G-ext4,1998672,1982288,3,20,3881340,1923408,41636,1737596,2,0.86,1.14,1.57,1037,2156920832,2156920832,68859985920,68927094784,21969450
/lvm/fsa-2G-ext4,1998672,1982288,3,20,3881340,1925004,41624,1737332,2,0.85,1.11,1.55,14,11534336,2156920832,207618048,274726912,37442
/lvm/fsa-50G-ext3,51475068,6723460,2,97,3881340,1922532,41636,1737484,2,0.78,1.09,1.55,6284,13160677376,13160677376,4.2098E+11,4.21047E+11,102579478
/lvm/fsa-50G-ext3,51475068,6723460,2,97,3881340,1924684,41636,1737460,2,0.88,1.05,1.48,14,11534336,13160677376,207618048,274726912,56169
/lvm/fsa-50G-ext4,51474912,13901652,3,200,3881340,1922292,41636,1737612,2,0.81,1.03,1.47,7298,15287189504,15287189504,4.89029E+11,4.89096E+11,149003003
/lvm/fsa-50G-ext4,51474912,13901652,3,200,3881340,1924240,41624,1737572,2,0.97,1,1.39,14,11534336,15287189504,207618048,274726912,34337
/lvm/fsa-5G-ext3,5029504,5029504,2,53,3881340,1922592,41636,1737684,2,0.89,0.98,1.38,2573,5378146304,5378146304,1.71939E+11,1.72006E+11,55406914
/lvm/fsa-5G-ext3,5029504,5029504,2,53,3881340,1924436,41624,1737560,2,0.96,0.99,1.36,14,11534336,5378146304,207618048,274726912,38486
/lvm/fsa-5G-ext4,5029504,5013120,3,49,3881340,1922148,41624,1737708,2,0.88,0.97,1.35,2573,5378146304,5378146304,1.71939E+11,1.72006E+11,56696662
/lvm/fsa-5G-ext4,5029504,5013120,3,49,3881340,1923812,41636,1737728,2,0.96,0.97,1.33,14,11534336,5378146304,207618048,274726912,38232
/lvm/fsa-100G-ext3,103081248,8871820,2,178,3881340,955828,41596,2714780,2,7.24,3.58,2.25,6064,12699303936,12699303936,4.06216E+11,4.06283E+11,77642958
/lvm/fsa-100G-ext3,103081248,8871820,2,178,3881340,1922608,41608,1740368,2,2.18,2.99,2.2,14,11534336,12699303936,207618048,274726912,49350
/lvm/fsa-100G-ext4,103080888,3934676,3,83,3881340,1923844,41608,1740264,2,2,2.92,2.19,2877,6015680512,6015680512,1.9234E+11,1.92407E+11,38356558
/lvm/fsa-100G-ext4,103080888,3934676,3,83,3881340,1923332,41596,1739948,2,1.58,2.7,2.14,14,11534336,6015680512,207618048,274726912,38324
/lvm/fsa-10G-ext3,10190136,10190136,2,11,3881340,1921684,41596,1739912,2,1.45,2.65,2.13,5133,10746855424,10746855424,3.43738E+11,3.43805E+11,89320547
/lvm/fsa-10G-ext3,10190136,10190136,2,11,3881340,1921980,41608,1740100,2,1.11,2.21,2.02,14,11534336,10746855424,207618048,274726912,37025
/lvm/fsa-10G-ext4,10190100,10173716,3,100,3881340,1921304,41608,1740092,2,1.1,2.19,2.02,5133,10746855424,10746855424,3.43738E+11,3.43805E+11,109499223
/lvm/fsa-10G-ext4,10190100,10173716,3,100,3881340,1922348,41596,1740076,2,1.02,1.81,1.9,14,11534336,10746855424,207618048,274726912,57312
/lvm/fsa-1G-ext3,999320,999320,2,5,3881340,1920872,41608,1740008,2,1.02,1.81,1.9,525,1083179008,1083179008,34500247552,34567356416,7745541
/lvm/fsa-1G-ext3,999320,999320,2,5,3881340,1924092,41596,1740068,2,1.01,1.78,1.89,14,11534336,1083179008,207618048,274726912,38483
/lvm/fsa-1G-ext4,999320,982936,3,9,3881340,1921852,41608,1740132,2,1.01,1.77,1.88,524,1081081856,1081081856,34433138688,34500247552,11793181
/lvm/fsa-1G-ext4,999320,982936,3,9,3881340,1923392,41596,1740400,2,1.01,1.73,1.87,14,11534336,1081081856,207618048,274726912,36640
/lvm/fsa-20G-ext3,20511356,14726048,2,194,3881340,1920968,41608,1740464,2,1.01,1.72,1.86,9970,20890779648,20890779648,6.68343E+11,6.68411E+11,190388746
/lvm/fsa-20G-ext3,20511356,14726048,2,194,3881340,1922720,41608,1739816,2,1.1,1.4,1.71,14,11534336,20890779648,207618048,274726912,58672
/lvm/fsa-20G-ext4,20511312,14607196,3,189,3881340,1921532,41608,1739772,2,1.01,1.38,1.7,7386,15471738880,15471738880,4.94934E+11,4.95001E+11,145505266
/lvm/fsa-20G-ext4,20511312,14607196,3,189,3881340,1921908,41608,1740308,2,1,1.23,1.6,14,11534336,15471738880,207618048,274726912,37538
/lvm/fsa-2G-ext3,1998672,1998672,2,24,3881340,1920080,41608,1740164,2,1,1.22,1.59,1037,2156920832,2156920832,68859985920,68927094784,26759004
/lvm/fsa-2G-ext3,1998672,1998672,2,24,3881340,1922084,41596,1740068,2,1,1.2,1.57,14,11534336,2156920832,207618048,274726912,37350
/lvm/fsa-2G-ext4,1998672,1982288,3,20,3881340,1920068,41608,1740120,2,1.08,1.22,1.58,1037,2156920832,2156920832,68859985920,68927094784,19996875
/lvm/fsa-2G-ext4,1998672,1982288,3,20,3881340,1921772,41596,1740096,2,1.06,1.2,1.57,14,11534336,2156920832,207618048,274726912,37830
/lvm/fsa-50G-ext3,51475068,6852336,2,97,3881340,1919220,41608,1740300,2,0.97,1.18,1.56,6446,13500416000,13500416000,4.31852E+11,4.31919E+11,113822851
/lvm/fsa-50G-ext3,51475068,6852336,2,97,3881340,1921396,41608,1740304,2,0.98,1.11,1.49,14,11534336,13500416000,207618048,274726912,47420
/lvm/fsa-50G-ext4,51474912,14167352,3,200,3881340,1917336,41608,1740452,2,0.9,1.09,1.48,7428,15559819264,15559819264,4.97753E+11,4.9782E+11,151717951
/lvm/fsa-50G-ext4,51474912,14167352,3,200,3881340,1921048,41608,1740284,2,0.95,1.03,1.4,14,11534336,15559819264,207618048,274726912,36213
/lvm/fsa-5G-ext3,5029504,5029504,2,53,3881340,1920296,41608,1740484,2,0.87,1.02,1.39,2573,5378146304,5378146304,1.71939E+11,1.72006E+11,56834451
/lvm/fsa-5G-ext3,5029504,5029504,2,53,3881340,1920600,41596,1740528,2,1.03,1.04,1.38,14,11534336,5378146304,207618048,274726912,421136
/lvm/fsa-5G-ext4,5029504,5013120,3,49,3881340,1918556,41608,1740596,2,1.02,1.04,1.37,2573,5378146304,5378146304,1.71939E+11,1.72006E+11,50851080
/lvm/fsa-5G-ext4,5029504,5013120,3,49,3881340,1919192,41596,1740520,2,1.01,1.04,1.35,14,11534336,5378146304,207618048,274726912,38896
/lvm/fsa-100G-ext3,103081248,8871820,2,178,3881340,905648,41596,2761688,2,7.59,3.26,2.11,6064,12699303936,12699303936,4.06216E+11,4.06283E+11,76708947
/lvm/fsa-100G-ext3,103081248,8871820,2,178,3881340,1919096,41600,1740672,2,2.14,3.05,2.24,14,11534336,12699303936,207618048,274726912,56022
/lvm/fsa-100G-ext4,103080888,3934676,3,83,3881340,1920200,41596,1740440,2,1.97,3,2.22,2877,6015680512,6015680512,1.9234E+11,1.92407E+11,38312054
/lvm/fsa-100G-ext4,103080888,3934676,3,83,3881340,1967344,41608,1692136,2,1.29,2.67,2.15,14,11534336,6015680512,207618048,274726912,36942
/lvm/fsa-10G-ext3,10190136,10190136,2,11,3881340,1965948,41608,1692152,2,1.26,2.65,2.15,5133,10746855424,10746855424,3.43738E+11,3.43805E+11,87261915
/lvm/fsa-10G-ext3,10190136,10190136,2,11,3881340,1967164,41596,1692296,2,1.06,2.22,2.04,14,11534336,10746855424,207618048,274726912,37365
/lvm/fsa-10G-ext4,10190100,10173716,3,100,3881340,1965652,41608,1692208,2,1.06,2.22,2.04,5133,10746855424,10746855424,3.43738E+11,3.43805E+11,107595820
/lvm/fsa-10G-ext4,10190100,10173716,3,100,3881340,1965376,41608,1692380,2,1,1.82,1.91,14,11534336,10746855424,207618048,274726912,48896
/lvm/fsa-1G-ext3,999320,999320,2,5,3881340,1962276,41596,1692592,2,1,1.82,1.91,525,1083179008,1083179008,34500247552,34567356416,7396032
/lvm/fsa-1G-ext3,999320,999320,2,5,3881340,1967920,41596,1692300,2,1,1.79,1.9,14,11534336,1083179008,207618048,274726912,37389
/lvm/fsa-1G-ext4,999320,982936,3,9,3881340,1965932,41608,1692620,2,0.92,1.76,1.89,524,1081081856,1081081856,34433138688,34500247552,12974452
/lvm/fsa-1G-ext4,999320,982936,3,9,3881340,1967556,41600,1692656,2,0.94,1.72,1.88,14,11534336,1081081856,207618048,274726912,37251
/lvm/fsa-20G-ext3,20511356,15009972,2,194,3881340,1966068,41596,1692640,2,0.86,1.69,1.87,10057,21073231872,21073231872,6.74182E+11,6.74249E+11,200100457
/lvm/fsa-20G-ext3,20511356,15009972,2,194,3881340,1965528,41608,1691752,2,1.14,1.38,1.71,14,11534336,21073231872,207618048,274726912,57405
/lvm/fsa-20G-ext4,20511312,14888896,3,189,3881340,1965436,41596,1691712,2,1.14,1.38,1.71,7522,15756951552,15756951552,5.04061E+11,5.04128E+11,142084752
/lvm/fsa-20G-ext4,20511312,14888896,3,189,3881340,1967080,41596,1691564,2,0.98,1.21,1.6,14,11534336,15756951552,207618048,274726912,36621
/lvm/fsa-2G-ext3,1998672,1998672,2,24,3881340,1965396,41596,1691732,2,0.91,1.19,1.59,1037,2156920832,2156920832,68859985920,68927094784,26929207
/lvm/fsa-2G-ext3,1998672,1998672,2,24,3881340,1966844,41596,1691712,2,0.94,1.17,1.57,14,11534336,2156920832,207618048,274726912,38818
/lvm/fsa-2G-ext4,1998672,1982288,3,20,3881340,1965372,41608,1691692,2,0.95,1.17,1.57,1037,2156920832,2156920832,68859985920,68927094784,20024049
/lvm/fsa-2G-ext4,1998672,1982288,3,20,3881340,1966412,41608,1691536,2,0.96,1.16,1.55,14,11534336,2156920832,207618048,274726912,38383
/lvm/fsa-50G-ext3,51475068,6983364,2,97,3881340,1964132,41596,1691712,2,0.96,1.16,1.55,6606,13835960320,13835960320,4.42589E+11,4.42656E+11,106199680
/lvm/fsa-50G-ext3,51475068,6983364,2,97,3881340,1966848,41608,1691760,2,1.14,1.14,1.5,14,11534336,13835960320,207618048,274726912,54535
/lvm/fsa-50G-ext4,51474912,14438752,3,200,3881340,1964148,41608,1691828,2,1.05,1.12,1.49,7560,15836643328,15836643328,5.06611E+11,5.06678E+11,152680820
/lvm/fsa-50G-ext4,51474912,14438752,3,200,3881340,1966428,41604,1691972,2,1,1.08,1.41,14,11534336,15836643328,207618048,274726912,36368
/lvm/fsa-5G-ext3,5029504,5029504,2,53,3881340,1964512,41608,1691984,2,1.08,1.08,1.41,2573,5378146304,5378146304,1.71939E+11,1.72006E+11,56355272
/lvm/fsa-5G-ext3,5029504,5029504,2,53,3881340,1966392,41608,1691972,2,1,1.05,1.38,14,11534336,5378146304,207618048,274726912,37286
/lvm/fsa-5G-ext4,5029504,5013120,3,49,3881340,1964460,41608,1691976,2,1,1.05,1.38,2573,5378146304,5378146304,1.71939E+11,1.72006E+11,50908823
/lvm/fsa-5G-ext4,5029504,5013120,3,49,3881340,1965728,41596,1691912,2,1,1.04,1.36,14,11534336,5378146304,207618048,274726912,38306
